line_id,r,x,b,s_nom
3547.0,0.048688,0.608598,1.147e-05,407.7
33116.0,0.499312,6.241402,0.00011765,407.7
4190.0,2.2852,8.7795,0.00010999,342.9
4660.0,2.821,16.33,0.00021438,457.3
14977.0,2.821,16.33,0.00021438,457.3
33170.0,3.004,19.631,0.0003381,1790.2
33157.0,0.162674,1.648443,2.862e-05,1777.1
7355.0,0.271978,2.756062,4.786e-05,1777.1
17246.0,0.284959,2.743936,4.77e-05,1777.1
33160.0,0.648089,6.567353,0.00011404,1777.1
7352.0,0.499258,5.059182,8.785e-05,1777.1
17253.0,0.523087,5.036923,8.756e-05,1777.1
7339.0,0.05303,0.537372,9.33e-06,1777.1
17254.0,0.055561,0.535007,9.3e-06,1777.1
7343.0,0.200279,2.029509,3.524e-05,1777.1
17256.0,0.209838,2.020579,3.513e-05,1777.1
7344.0,0.375893,3.809079,6.614e-05,1777.1
17250.0,0.393834,3.79232,6.592e-05,1777.1
12815.0,0.756352,6.159941,0.00010534,1790.2
13844.0,0.644661,6.207585,0.00010791,1777.1
1115.0,1.483748,12.084059,0.00020665,1790.2
12814.0,1.4741,12.006,0.00020524,1790.2
16845.0,1.068577,10.167464,0.00016659,1658.6
17320.0,1.068577,10.167464,0.0001666,1658.6
6872.0,0.275623,2.622536,4.297e-05,1658.6
16844.0,0.275623,2.622536,4.297e-05,1658.6
16846.0,0.276679,2.591264,4.249e-05,1658.6
16847.0,0.274956,2.578331,4.457e-05,1658.6
3700.0,0.988814,9.094301,0.0001488,1808.7
11722.0,1.891,18.946,0.00030653,1658.6
7331.0,1.494581,13.537748,0.00020854,1559.9
17236.0,1.494581,13.537748,0.00020854,1559.9
33134.0,0.735257,9.138263,0.00016865,2369.4
6884.0,0.210689,2.618579,4.833e-05,2369.4
16937.0,0.210689,2.618579,4.833e-05,2369.4
6881.0,0.220954,2.746158,5.068e-05,2369.4
16940.0,0.220954,2.746158,5.068e-05,2369.4
7591.0,0.077789,1.071047,1.953e-05,2369.4
17462.0,0.077789,1.071047,1.97e-05,2369.4
7590.0,1.349811,18.584953,0.00033892,2369.4
17461.0,1.349811,18.584953,0.00034189,2369.4
3849.0,1.814,19.938,0.00032525,1658.6
11909.0,1.828889,20.094108,0.00032744,1342.7
4123.0,0.58458,9.291629,0.00017247,2369.4
14271.0,0.58458,9.291629,0.00017247,2369.4
32247.0,1.201254,9.783558,0.00016338,1658.6
31728.0,2.93619,26.595624,0.00041552,1579.6
3434.0,0.72891,6.602376,0.00010315,1579.6
3421.0,0.7606,4.3135,7.194e-05,1579.6
11357.0,0.7606,4.3135,7.194e-05,1500.6
3824.0,2.60019,19.795778,0.00036181,1342.7
11873.0,2.551901,19.882135,0.0003628,1342.7
3664.0,0.73857,5.622882,0.00010277,1342.7
11670.0,0.93925,5.682375,0.00010274,1342.7
3663.0,0.898879,7.003265,0.00012779,1342.7
11668.0,1.16475,7.046625,0.00012741,1342.7
3257.0,1.499455,14.043294,0.00023025,1658.6
11124.0,1.6985,13.442114,0.00024677,1342.7
11120.0,0.214365,2.007659,3.292e-05,1658.6
17240.0,0.243281,1.932492,3.631e-05,1342.7
11174.0,1.828155,13.605364,0.00021019,1645.4
3891.0,1.216081,11.151913,0.00017816,1658.6
11957.0,1.537145,11.439636,0.00017673,1645.4
3300.0,1.665919,15.277087,0.00024407,1658.6
11173.0,1.385845,15.02269,0.00024868,1645.4
3954.0,0.06131,0.484691,8.12e-06,1658.6
12036.0,0.054271,0.490965,8.21e-06,1658.6
3952.0,0.293023,2.316514,3.883e-05,1658.6
12049.0,0.259381,2.346503,3.925e-05,1658.6
3953.0,2.096468,16.573796,0.00027782,1658.6
3537.0,1.133215,12.450692,0.00020289,1342.7
3533.0,0.040667,0.446806,7.28e-06,1342.7
3847.0,0.087229,0.958394,1.562e-05,1342.7
33117.0,1.9479,15.382,0.00027797,1648.1
7033.0,2.945844,27.589593,0.00045236,1658.6
16854.0,2.927496,27.451891,0.00047456,1658.6
7034.0,0.049456,0.46319,7.59e-06,1658.6
16849.0,0.049148,0.460878,7.97e-06,1658.6
3577.0,1.338311,10.030218,0.00016681,1658.6
11550.0,1.3812,10.0828,0.00016961,1645.4
3574.0,4.090789,30.659182,0.00050989,1658.6
11561.0,3.8793,30.282,0.00050401,1658.6
8418.0,1.3485,10.826,0.00019157,1500.6
17816.0,1.3485,10.826,0.00019157,1500.6
3435.0,2.0053,15.874,0.00026914,1316.4
11382.0,2.0053,15.874,0.00026914,1316.4
576.0,0.9146,9.0037,0.00015733,1790.2
12338.0,0.9146,9.0037,0.00015733,1790.2
6949.0,0.502,1.818,3.462e-05,789.8
17245.0,0.502,1.818,3.462e-05,789.8
7335.0,1.422,9.63,0.00017087,1500.6
17232.0,1.422,9.63,0.00017087,1500.6
7536.0,1.543,10.452,0.0001851,1648.1
7342.0,1.674,11.334,0.00020075,1648.1
17244.0,1.674,11.334,0.00020075,1648.1
7601.0,0.7441,11.506,0.00021897,2073.3
17466.0,0.7441,11.506,0.00021897,2073.3
7434.0,1.6516,14.496,0.0002523,1645.4
17346.0,1.6516,14.496,0.0002523,1645.4
16807.0,1.0031,9.3866,0.00016305,1645.4
18131.0,2.5843,24.182,0.00040435,1658.6
8230.0,1.251634,13.492301,0.00021319,1342.7
17590.0,1.251634,13.492301,0.00022406,1342.7
8143.0,1.753166,18.898699,0.00029861,1342.7
18296.0,1.753166,18.898699,0.00031384,1342.7
7273.0,2.9365,22.6101,0.000385,1342.7
17153.0,2.9365,22.6101,0.000385,1342.7
2443.0,0.6666,5.5904,9.642e-05,1658.6
11747.0,0.6666,5.5904,9.642e-05,1658.6
16074.0,2.6478,19.844,0.00038579,1648.1
6532.0,2.5835,15.606,0.00027074,1648.1
16730.0,2.480812,14.985516,0.0002672,1648.1
16097.0,1.788488,10.803484,0.00019263,1648.1
7651.0,2.9546,22.144,0.0003567,1658.6
17485.0,2.9546,22.144,0.0003567,1658.6
6903.0,0.7639,4.9919,9.085e-05,1790.2
17365.0,0.7639,4.9919,9.085e-05,1790.2
7658.0,0.061427,0.51515,8.32e-06,1658.6
17495.0,0.061427,0.51515,8.32e-06,1658.6
6909.0,0.090439,0.758459,1.225e-05,1658.6
17494.0,0.090439,0.758459,1.225e-05,1658.6
7657.0,3.104234,26.03339,0.00042051,1658.6
17499.0,3.104234,26.03339,0.00042051,1658.6
6989.0,1.242615,12.319485,0.00021255,1658.6
16812.0,1.1724,12.37,0.00021297,1658.6
7399.0,0.982485,9.740515,0.00016805,1658.6
33102.0,1.0522,9.686,0.00016757,1658.6
33108.0,0.653348,5.910532,9.887e-05,1658.6
7447.0,0.095471,0.848153,0.00027522,1066.3
17350.0,0.1291,1.2745,0.00023562,1066.3
7535.0,0.171529,1.523847,0.00049447,1066.3
17407.0,0.151,1.6912,0.00069021,1066.3
30088.0,0.118461,1.326768,0.00054148,1066.3
30261.0,0.084235,0.972881,0.00023684,1092.6
30262.0,0.046765,0.540119,0.00013149,1092.6
6966.0,0.1076,1.2266,0.00030084,1092.6
17238.0,0.1124,1.2145,0.00032101,1092.6
3485.0,0.786835,10.258265,0.0002088,2369.4
11444.0,0.786835,10.258265,0.0002088,2369.4
3483.0,0.283165,3.691735,7.514e-05,2369.4
11441.0,0.283165,3.691735,7.514e-05,2369.4
33143.0,1.0501,7.8803,0.0001392,1698.1
4474.0,0.247597,1.860639,3.3e-05,1698.1
14806.0,0.202559,1.822487,3.509e-05,1698.1
4475.0,0.742503,5.579761,9.897e-05,1698.1
14810.0,0.607443,5.46535,0.00010522,1698.1
3941.0,0.59,6.7764,0.00014172,2422.1
12040.0,0.770112,6.928936,0.00013339,1698.1
7488.0,0.834,7.71,0.0001337,1790.2
32053.0,1.37,12.68,0.0002209,1790.2
69.0,0.036859,0.318147,5.43e-06,1688.2
11271.0,0.036012,0.308934,5.33e-06,1485.5
700.0,0.635498,5.503518,9.392e-05,1688.2
12471.0,0.635793,5.454215,9.411e-05,1485.5
699.0,0.145236,1.257769,2.147e-05,1688.2
12469.0,0.145304,1.246501,2.151e-05,1485.5
694.0,0.175179,1.51708,2.589e-05,1688.2
12468.0,0.17526,1.50349,2.594e-05,1485.5
693.0,0.071557,0.619691,1.058e-05,1688.2
12462.0,0.07159,0.614139,1.06e-05,1485.5
698.0,0.069417,0.601161,1.026e-05,1688.2
12466.0,0.069449,0.595776,1.028e-05,1485.5
695.0,0.103472,0.896087,1.529e-05,1688.2
12467.0,0.10352,0.88806,1.532e-05,1485.5
692.0,0.666906,5.775515,9.857e-05,1688.2
12465.0,0.667215,5.723776,9.876e-05,1485.5
697.0,0.086816,0.751843,1.283e-05,1688.2
12464.0,0.086857,0.745108,1.286e-05,1485.5
7410.0,0.646025,6.084013,0.00010168,1790.2
17325.0,0.64097,6.010336,0.00010152,1884.5
7408.0,0.574797,5.413218,9.047e-05,1790.2
17322.0,0.573257,5.374656,9.067e-05,1790.2
6867.0,0.187178,1.76277,2.946e-05,1790.2
17326.0,0.186676,1.750213,2.953e-05,1790.2
6915.0,0.201067,1.885132,3.18e-05,1790.2
17341.0,0.20003,1.875664,3.168e-05,1884.5
32913.0,0.073,0.373,4.6e-06,488.5
10851.0,0.209865,2.026246,3.628e-05,1884.5
23742.0,0.239346,2.076425,3.559e-05,1698.1
10855.0,0.203793,1.967624,3.523e-05,1884.5
23728.0,0.232421,2.016352,3.456e-05,1698.1
10850.0,0.157341,1.519129,2.72e-05,1884.5
23725.0,0.179444,1.55675,2.669e-05,1698.1
33133.0,4.915,21.15,0.0001442,488.5
1834.0,0.722,4.042,2.74e-05,530.4
5344.0,0.651793,3.648052,3.342e-05,530.4
13352.0,0.221301,1.224337,1.244e-05,499.2
1822.0,0.568198,3.081351,3.94e-05,530.4
13346.0,0.568198,3.081351,3.942e-05,530.4
1820.0,0.189527,1.027812,1.314e-05,530.4
13347.0,0.189527,1.027812,1.315e-05,530.4
1821.0,0.169321,0.91823,1.174e-05,530.4
13359.0,0.169321,0.91823,1.175e-05,530.4
1825.0,0.500667,2.715134,3.472e-05,530.4
13360.0,0.500667,2.715134,3.473e-05,530.4
1828.0,0.135112,0.732714,9.37e-06,530.4
13354.0,0.135112,0.732714,9.37e-06,530.4
22652.0,0.054932,0.30391,3.09e-06,499.2
1833.0,1.581176,8.574759,0.00010964,530.4
13348.0,1.581176,8.574759,0.00010969,530.4
2388.0,0.215955,1.208371,1.416e-05,530.4
13624.0,0.238478,1.334749,1.223e-05,530.4
2387.0,0.449045,2.512629,2.944e-05,530.4
13625.0,0.49588,2.775413,2.542e-05,530.4
33127.0,0.598,5.092,8.88e-05,2182.4
1499.0,0.212806,1.122517,1.361e-05,762.1
13113.0,0.084457,0.460955,4.95e-06,488.5
2165.0,0.29611,1.56193,1.893e-05,762.1
2166.0,0.226084,1.192554,1.446e-05,762.1
2467.0,0.238715,1.330502,1.191e-05,491.6
2254.0,0.273,1.419,1.72e-05,273.6
13538.0,0.273,1.419,1.72e-05,273.6
666.0,0.220449,2.040829,3.532e-05,1790.2
12440.0,0.220714,2.041266,3.538e-05,1688.2
665.0,0.543489,5.031413,8.708e-05,1790.2
12441.0,0.544142,5.032491,8.723e-05,1688.2
667.0,0.248953,2.304713,3.989e-05,1790.2
12443.0,0.249252,2.305206,3.996e-05,1688.2
33091.0,0.273121,2.525956,4.378e-05,1688.2
671.0,0.293592,2.715278,4.706e-05,1688.2
12436.0,0.299217,2.770853,4.796e-05,1688.2
672.0,0.069179,0.639803,1.109e-05,1688.2
12437.0,0.070505,0.652898,1.13e-05,1688.2
7493.0,0.122,2.485,4.17e-05,2182.4
21569.0,0.263032,2.257451,3.91e-05,2182.4
1060.0,0.146,1.341,2.34e-05,1790.2
12736.0,0.157006,1.45577,2.515e-05,1790.2
1056.0,0.092446,0.868623,1.458e-05,1790.2
12731.0,0.096777,0.907823,1.488e-05,1698.1
1062.0,0.062796,0.590031,9.91e-06,1790.2
12733.0,0.065738,0.616659,1.011e-05,1698.1
1057.0,0.147759,1.388346,2.331e-05,1790.2
12740.0,0.154682,1.451002,2.378e-05,1698.1
31746.0,0.345,3.197,5.51e-05,2182.4
31760.0,0.104631,0.565005,6.97e-06,586.4
31893.0,0.10987,0.599446,7.44e-06,530.4
84.0,0.356202,1.923491,2.372e-05,586.4
12677.0,0.352746,1.924555,2.389e-05,530.4
871.0,0.646934,3.493444,4.308e-05,586.4
12669.0,0.640656,3.495378,4.339e-05,530.4
31759.0,0.418383,2.259269,2.786e-05,586.4
882.0,0.12885,0.695791,8.58e-06,586.4
12670.0,0.128488,0.720433,9.25e-06,586.4
873.0,0.558,3.074,2.15e-05,586.4
12675.0,0.554,3.056,2.13e-05,586.4
874.0,0.088,0.695,4.8e-06,586.4
12672.0,0.088,0.695,4.8e-06,586.4
1813.0,0.205011,1.149501,1.475e-05,586.4
13336.0,0.203595,1.110798,1.379e-05,530.4
31891.0,0.208388,1.136951,1.411e-05,530.4
3103.0,0.21064,1.991367,3.311e-05,1790.2
14165.0,0.21064,1.994476,3.311e-05,1790.2
3046.0,0.063257,0.580577,1e-05,2182.4
14150.0,0.06036,0.570633,9.49e-06,1790.2
14162.0,0.06036,0.571524,9.49e-06,1790.2
1191.0,0.42851,3.958762,6.875e-05,1790.2
12879.0,0.428029,3.953768,6.874e-05,1790.2
1199.0,0.257855,2.382173,4.137e-05,1790.2
12878.0,0.257565,2.379168,4.136e-05,1790.2
1212.0,0.199095,1.839324,3.194e-05,1790.2
12877.0,0.198871,1.837004,3.194e-05,1790.2
1190.0,0.069418,0.641311,1.114e-05,1790.2
12876.0,0.06934,0.640502,1.114e-05,1790.2
1202.0,0.08534,0.788408,1.369e-05,1790.2
12892.0,0.085244,0.787414,1.369e-05,1790.2
1205.0,0.257879,2.382398,4.137e-05,1790.2
12890.0,0.25759,2.379393,4.137e-05,1790.2
1211.0,0.069147,0.638807,1.109e-05,1790.2
12889.0,0.069069,0.638001,1.109e-05,1790.2
1207.0,0.107105,0.989483,1.718e-05,1790.2
12888.0,0.106985,0.988235,1.718e-05,1790.2
1209.0,0.197643,1.825907,3.171e-05,1790.2
12887.0,0.197421,1.823604,3.17e-05,1790.2
1210.0,0.10567,0.97622,1.695e-05,1790.2
12885.0,0.105551,0.974989,1.695e-05,1790.2
1204.0,0.231339,2.137206,3.711e-05,1790.2
12884.0,0.231079,2.13451,3.711e-05,1790.2
1192.0,0.032309,0.298442,5.19e-06,1790.2
12874.0,0.032849,0.303296,5.3e-06,1884.5
1196.0,0.254946,2.354969,4.094e-05,1790.2
12873.0,0.259204,2.393273,4.184e-05,1884.5
31847.0,0.1416,1.073008,1.615e-05,392.9
4229.0,0.171229,1.297523,1.953e-05,392.9
4230.0,0.369171,2.797469,4.211e-05,392.9
5288.0,0.025419,0.266386,4.66e-06,1679.7
15515.0,0.054581,0.567078,9.53e-06,1995.3
5282.0,0.09127,0.956514,1.673e-05,1679.7
15537.0,0.195985,2.036208,3.421e-05,1995.3
5281.0,0.275883,2.891258,5.057e-05,1679.7
15536.0,0.506627,4.724596,8.263e-05,2078.5
15539.0,0.239135,2.263809,3.987e-05,1974.5
5285.0,0.014075,0.147504,2.58e-06,1679.7
15527.0,0.025847,0.241035,4.22e-06,2078.5
5283.0,0.029736,0.311637,5.45e-06,1679.7
15511.0,0.054607,0.509246,8.91e-06,2078.5
5286.0,0.102116,0.916498,1.5e-05,1606.0
5287.0,0.785726,8.945738,0.00013853,2078.5
15533.0,1.019867,9.153387,0.00014981,1606.0
5292.0,0.6234,6.6472,0.00010103,1995.3
15540.0,0.712972,6.39898,0.00010473,1606.0
4946.0,0.034538,0.320196,5.55e-06,1790.2
5232.0,0.038405,0.365239,6.33e-06,1790.2
15053.0,0.034678,0.320809,5.57e-06,1790.2
15472.0,0.020815,0.177557,3.09e-06,1698.1
4945.0,0.430462,3.990804,6.915e-05,1790.2
15052.0,0.228654,1.950504,3.397e-05,1698.1
5585.0,0.157,2.984,9e-05,316.6
33149.0,0.344675,3.714233,6.094e-05,1790.2
5576.0,0.164325,1.770767,2.906e-05,1790.2
31930.0,0.62,5.24,8.88e-05,1721.8
1090.0,0.407212,2.389025,2.156e-05,589.9
12778.0,0.405839,2.389025,2.163e-05,589.9
1092.0,0.110669,0.649271,5.86e-06,589.9
12777.0,0.110296,0.649271,5.88e-06,589.9
1089.0,0.075118,0.440704,3.98e-06,589.9
12783.0,0.074865,0.440704,3.99e-06,589.9
6588.0,0.686,2.938,2.01e-05,282.0
31984.0,1.148,5.413,5.92e-05,365.8
31982.0,0.315,1.688,2.21e-05,518.2
13220.0,0.167769,0.891728,1.437e-05,586.4
13452.0,0.171487,1.025565,9.59e-06,512.1
1664.0,0.242559,1.28925,2.078e-05,586.4
1665.0,0.205703,1.093352,1.762e-05,586.4
13223.0,0.65297,3.47067,5.593e-05,586.4
13455.0,0.252406,1.396428,1.419e-05,499.2
1667.0,0.127583,0.762999,7.14e-06,512.1
1682.0,0.285532,1.7076,1.597e-05,512.1
4211.0,0.334398,1.999837,1.87e-05,512.1
14440.0,0.32,1.75,2.07e-05,491.6
31433.0,0.208501,1.169066,1.5e-05,586.4
33122.0,0.282766,2.737415,4.135e-05,2354.9
8180.0,0.2,1.34,1.99e-05,518.2
8437.0,0.599,5.75,8.04e-05,731.6
1648.0,0.193923,1.79806,3.107e-05,1790.2
13205.0,0.169847,1.593259,2.611e-05,1698.1
229.0,0.046071,0.427171,7.38e-06,1790.2
14191.0,0.032666,0.324789,4.87e-06,1790.2
33142.0,0.293653,2.693847,4.681e-05,518.2
2421.0,0.334347,3.067153,5.329e-05,518.2
13653.0,0.45703,3.254098,5.148e-05,488.5
2411.0,0.201,1.006,1.31e-05,518.2
13648.0,0.103251,0.735158,1.163e-05,488.5
2415.0,0.481,2.493,3.28e-05,491.6
13646.0,0.312314,2.223704,3.518e-05,488.5
12702.0,0.023068,0.110598,3.598e-05,237.4
12706.0,0.094273,0.508783,6.57e-06,518.2
986.0,0.090362,0.505234,5.68e-06,491.6
12704.0,0.018058,0.086574,2.816e-05,237.4
475.0,0.207218,1.112627,1.397e-05,589.9
12232.0,0.201188,1.086642,1.422e-05,518.2
12233.0,0.100418,0.946819,1.561e-05,518.2
476.0,0.14998,0.805295,1.011e-05,589.9
12234.0,0.145616,0.786488,1.029e-05,518.2
12235.0,0.072681,0.685287,1.13e-05,518.2
471.0,0.752078,4.03818,5.069e-05,589.9
12236.0,0.730196,3.94387,5.16e-05,518.2
12237.0,0.364459,3.436395,5.664e-05,518.2
2857.0,0.149989,0.8069,1.049e-05,518.2
14043.0,0.149526,0.800421,1.109e-05,491.6
2860.0,0.257105,1.383156,1.798e-05,518.2
14042.0,0.256312,1.37205,1.9e-05,491.6
2856.0,0.174906,0.940944,1.223e-05,518.2
14045.0,0.174366,0.933388,1.293e-05,491.6
6016.0,0.454893,2.442488,3.066e-05,589.9
16132.0,0.220442,2.078499,3.426e-05,518.2
16134.0,0.467797,2.504141,3.468e-05,491.6
14524.0,0.22896,1.293167,1.227e-05,478.2
4462.0,0.32504,1.835833,1.743e-05,478.2
2476.0,0.254522,1.501327,1.589e-05,491.6
31795.0,0.179478,1.058673,1.121e-05,491.6
31797.0,0.69557,3.876823,3.47e-05,491.6
2701.0,0.16,0.86,1e-05,491.6
13920.0,0.090653,0.839614,1.79e-05,491.6
32838.0,0.355599,2.266273,3.824e-05,495.4
31446.0,0.356712,2.273369,3.836e-05,495.4
24169.0,0.150689,0.960357,1.62e-05,495.4
2703.0,0.1,1.72,2.98e-05,491.6
13918.0,0.184347,1.707386,3.64e-05,491.6
2713.0,0.058063,0.475404,4.16e-06,495.4
31816.0,2.391937,19.584596,0.00017144,495.4
31815.0,3.294,27.52,0.0001723,495.4
724.0,0.125557,0.663446,7.83e-06,491.6
12507.0,0.121053,0.637819,7.41e-06,266.7
733.0,0.347354,1.835433,2.166e-05,491.6
12509.0,0.334896,1.764536,2.05e-05,266.7
723.0,0.26765,1.414274,1.669e-05,491.6
12510.0,0.258051,1.359645,1.579e-05,266.7
727.0,0.076206,0.409954,5.09e-06,491.6
12506.0,0.073028,0.385882,4.55e-06,491.6
729.0,0.077362,0.416173,5.16e-06,491.6
12504.0,0.074136,0.391735,4.62e-06,491.6
730.0,0.080471,0.432894,5.37e-06,491.6
12503.0,0.077114,0.407474,4.81e-06,491.6
732.0,0.139079,0.748178,9.28e-06,491.6
12515.0,0.133278,0.704244,8.31e-06,491.6
726.0,0.095882,0.515801,6.4e-06,491.6
12513.0,0.091883,0.485513,5.73e-06,491.6
24120.0,0.16367,1.537342,2.639e-05,2182.4
33126.0,0.529799,4.976363,8.543e-05,2182.4
3312.0,0.240531,2.259295,3.878e-05,2182.4
1700.0,1.372,12.57,0.0001895,2182.4
13250.0,1.370399,12.581321,0.00018863,1989.8
33121.0,1.064179,10.120556,0.00017531,1790.2
5243.0,0.126972,1.20753,2.092e-05,1790.2
15471.0,0.130082,1.203384,2.089e-05,1790.2
2835.0,0.046207,0.416742,7.82e-06,1688.2
2843.0,0.286284,2.581976,4.847e-05,1688.2
2832.0,0.19893,1.794138,3.368e-05,1688.2
2841.0,0.153579,1.385119,2.6e-05,1688.2
2837.0,0.107,0.965025,1.812e-05,1688.2
2842.0,0.427571,3.679276,6.37e-05,2132.5
5461.0,0.424367,3.709086,6.645e-05,1688.2
2839.0,0.387527,3.387096,6.068e-05,1688.2
1978.0,0.029918,0.516772,9.48e-06,1790.2
1976.0,0.224707,3.8813,7.124e-05,1790.2
1980.0,0.149337,2.579451,4.734e-05,1790.2
1830.0,0.022305,0.42332,7.88e-06,2025.9
13378.0,0.025038,0.432477,7.94e-06,1790.2
2757.0,0.051907,0.475953,7.14e-06,2182.4
13959.0,0.053554,0.491671,7.37e-06,1989.8
2759.0,0.051415,0.47144,7.07e-06,2182.4
13960.0,0.053047,0.487008,7.3e-06,1989.8
33113.0,1.786678,16.382607,0.00024569,2182.4
31874.0,0.638635,3.455851,4.439e-05,518.2
4604.0,0.450305,2.436736,3.13e-05,518.2
22818.0,0.412033,2.394602,3.402e-05,499.2
31369.0,0.149672,0.809919,1.04e-05,518.2
4603.0,0.136951,0.795914,1.131e-05,499.2
33156.0,0.759409,4.109395,5.279e-05,518.2
4605.0,0.694867,4.038339,5.738e-05,499.2
4598.0,0.56698,3.0681,3.941e-05,518.2
33123.0,0.518792,3.015049,4.284e-05,499.2
1669.0,0.084325,0.466523,4.74e-06,499.2
1668.0,0.578634,3.201268,3.252e-05,499.2
1674.0,0.20841,1.153021,1.171e-05,499.2
1680.0,0.055084,0.304752,3.1e-06,499.2
1672.0,0.063587,0.351793,3.57e-06,499.2
4986.0,0.032122,0.307201,4.98e-06,1790.2
15104.0,0.034598,0.330779,6.57e-06,1790.2
4987.0,0.036205,0.346248,5.61e-06,1790.2
15117.0,0.038996,0.372824,7.4e-06,1790.2
4847.0,0.100939,0.965338,1.565e-05,1790.2
15118.0,0.10872,1.03943,2.063e-05,1790.2
5615.0,1.040594,9.951769,0.00016137,1790.2
5611.0,0.348139,3.329444,5.399e-05,1790.2
15887.0,0.342417,3.242063,5.367e-05,1790.2
31380.0,0.070529,0.447423,5.67e-06,491.6
31798.0,0.031655,0.237599,3.06e-06,488.5
1502.0,0.060671,0.384883,4.88e-06,491.6
13106.0,0.024869,0.186665,2.4e-06,488.5
1501.0,0.085523,0.54254,6.88e-06,491.6
13105.0,0.035056,0.263128,3.39e-06,488.5
33162.0,0.110604,0.70165,8.9e-06,491.6
1504.0,0.142651,0.904954,1.147e-05,491.6
13099.0,0.058474,0.438896,5.65e-06,488.5
1506.0,0.262854,1.667496,2.114e-05,491.6
13098.0,0.107745,0.808724,1.041e-05,488.5
1508.0,0.083502,0.529719,6.72e-06,491.6
13121.0,0.034228,0.25691,3.31e-06,488.5
1510.0,0.214525,1.360906,1.725e-05,491.6
13109.0,0.112017,0.611374,6.56e-06,488.5
1516.0,0.055024,0.34906,4.43e-06,491.6
13110.0,0.028731,0.156812,1.68e-06,488.5
1512.0,0.21712,1.377369,1.746e-05,491.6
13111.0,0.113372,0.618769,6.64e-06,488.5
1507.0,0.163574,0.892765,9.58e-06,488.5
1702.0,0.111157,0.958483,1.661e-05,2182.4
2229.0,0.09598,0.933951,1.477e-05,1970.4
1701.0,0.145587,1.25536,2.175e-05,2182.4
13255.0,0.120293,1.170525,1.851e-05,1970.4
32250.0,0.077256,0.666157,1.154e-05,2182.4
31716.0,0.069318,0.6372,1.12e-05,404.8
33130.0,0.273682,2.5158,4.42e-05,404.8
15517.0,0.158387,1.350312,2.345e-05,2145.0
15516.0,1.021613,8.709688,0.00015125,2145.0
5305.0,0.56,5.2,9.04e-05,2182.4
15567.0,0.271089,2.520871,4.427e-05,1790.2
989.0,0.162727,0.878217,1.133e-05,518.2
12709.0,0.155975,0.872091,9.81e-06,491.6
31443.0,0.495,4.37,7.66e-05,2145.0
31890.0,0.695,6.702,0.0001162,1816.6
2279.0,0.127879,1.182979,2.052e-05,2182.4
2282.0,0.0992,0.917674,1.592e-05,2182.4
2280.0,0.333071,3.08116,5.345e-05,2182.4
3586.0,0.09785,0.905188,1.57e-05,2182.4
2314.0,0.235487,2.187938,3.773e-05,1884.5
13570.0,0.241899,2.07428,3.602e-05,1787.5
2315.0,0.082774,0.769063,1.326e-05,1884.5
13568.0,0.085028,0.729112,1.266e-05,1787.5
2320.0,0.131739,1.223999,2.111e-05,1884.5
13567.0,0.135325,1.160415,2.015e-05,1787.5
10832.0,0.311,2.714,4.75e-05,1698.1
21844.0,0.472,4.534,6.88e-05,1698.1
15059.0,2.494,21.35,0.0003698,2145.0
10858.0,0.795,6.793,0.0001178,2145.0
19873.0,0.794,6.792,0.0001177,2145.0
1650.0,0.236843,2.19622,3.668e-05,2145.0
13196.0,0.250957,2.354109,3.858e-05,1698.1
13214.0,0.31,2.77,4.61e-05,1698.1
1657.0,0.2198,2.18544,3.278e-05,1790.2
13202.0,0.271515,2.546956,4.174e-05,1698.1
1656.0,0.097534,0.969771,1.455e-05,1790.2
13203.0,0.120483,1.130191,1.852e-05,1698.1
558.0,0.08766,0.80938,1.415e-05,1884.5
12307.0,0.084017,0.773321,1.355e-05,1884.5
557.0,0.098122,0.905972,1.584e-05,1884.5
12308.0,0.094043,0.865609,1.517e-05,1884.5
559.0,0.294166,2.716078,4.748e-05,1884.5
12306.0,0.28194,2.595071,4.548e-05,1884.5
2507.0,3.031,16.03,0.0001832,491.6
13711.0,3.031,16.03,0.0001832,491.6
1627.0,0.211429,1.881503,3.208e-05,1787.5
13171.0,0.215341,1.864789,3.228e-05,1787.5
13167.0,0.778571,6.928497,0.00011812,1787.5
6075.0,0.139797,1.3117,2.213e-05,1790.2
16227.0,0.143359,1.325647,2.297e-05,1790.2
33131.0,0.357531,3.354684,5.66e-05,1790.2
6079.0,0.766672,7.193617,0.00012137,1790.2
16209.0,0.755,7.141,0.0001183,1790.2
33167.0,0.414659,3.845092,6.422e-05,2145.0
2122.0,0.191497,1.775738,2.966e-05,2145.0
13468.0,0.174716,1.613694,2.82e-05,1790.2
2128.0,0.183001,1.69695,2.834e-05,2145.0
13470.0,0.166964,1.542096,2.695e-05,1790.2
33145.0,0.271,2.453,3.93e-05,1698.1
15685.0,1.081,9.98,0.0001711,1790.2
4544.0,0.19807,1.817893,3.13e-05,2182.4
14885.0,0.359736,3.301657,5.684e-05,2182.4
4686.0,0.105733,0.97042,1.671e-05,2182.4
4684.0,0.084075,0.771639,1.328e-05,2182.4
4688.0,0.144129,1.322814,2.277e-05,2182.4
1274.0,0.100231,0.970319,1.466e-05,2354.9
12967.0,0.198192,1.81321,3.123e-05,2182.4
31425.0,0.385061,3.727719,5.63e-05,2354.9
1273.0,0.174176,1.686168,2.547e-05,2354.9
31368.0,0.344407,3.150898,5.428e-05,2182.4
2561.0,0.126761,0.699084,7.55e-06,573.9
13777.0,0.126761,0.699084,7.55e-06,573.9
2568.0,0.215469,1.188306,1.284e-05,573.9
13773.0,0.215469,1.188306,1.284e-05,573.9
2565.0,0.220973,1.218659,1.317e-05,573.9
13774.0,0.220973,1.218659,1.317e-05,573.9
2564.0,0.104797,0.577951,6.24e-06,573.9
13769.0,0.104797,0.577951,6.24e-06,573.9
21491.0,0.186666,1.709572,3.041e-05,1884.5
11004.0,0.19649,1.704637,2.922e-05,1698.1
11007.0,0.170954,1.565676,2.785e-05,1884.5
23703.0,0.179952,1.561157,2.676e-05,1698.1
11005.0,0.167448,1.53357,2.728e-05,1884.5
21903.0,0.176262,1.529144,2.621e-05,1698.1
11006.0,0.591932,5.421183,9.645e-05,1884.5
20796.0,0.623086,5.405535,9.266e-05,1698.1
33110.0,0.176818,0.945253,1.246e-05,518.2
1365.0,0.300182,1.604747,2.114e-05,518.2
32109.0,0.209,1.081,1.28e-05,382.6
6270.0,0.087461,0.828096,1.371e-05,1790.2
6285.0,0.037882,0.358672,5.94e-06,1790.2
15891.0,0.961239,9.101169,0.00015068,1790.2
4244.0,0.133452,1.2291,2.147e-05,1790.2
14485.0,0.125271,1.140122,1.935e-05,1698.1
2581.0,0.052985,0.48799,8.52e-06,1790.2
14483.0,0.049736,0.452663,7.68e-06,1698.1
1750.0,0.043952,0.4048,7.07e-06,1790.2
14482.0,0.041258,0.375496,6.37e-06,1698.1
4245.0,0.111116,1.023378,1.788e-05,1790.2
14481.0,0.104303,0.949293,1.611e-05,1698.1
4095.0,0.077503,0.713804,1.247e-05,1790.2
14216.0,0.072751,0.66213,1.124e-05,1698.1
20518.0,0.099992,0.920926,1.609e-05,1790.2
4097.0,0.093861,0.854258,1.45e-05,1698.1
849.0,0.746916,6.914662,0.00011968,1790.2
12646.0,0.762141,7.0577,0.00012217,1688.2
850.0,0.274194,2.538383,4.393e-05,1790.2
12649.0,0.279783,2.590893,4.485e-05,1688.2
4952.0,0.342354,1.808684,2.333e-05,762.1
15071.0,0.349052,1.890314,2.38e-05,491.6
4957.0,0.522016,2.757855,3.557e-05,762.1
15068.0,0.53223,2.882324,3.628e-05,491.6
4955.0,0.60163,3.178461,4.1e-05,762.1
5025.0,0.188359,1.02007,1.284e-05,491.6
5015.0,0.215359,1.166293,1.468e-05,491.6
5692.0,0.096,0.542,2.18e-05,781.9
16127.0,0.172,0.958,1.17e-05,621.9
16128.0,0.192,1.05,1.11e-05,589.9
23776.0,0.165832,0.89041,1.118e-05,589.9
1137.0,0.25,2.37,4.06e-05,2145.0
23775.0,0.244474,2.340301,4.054e-05,2145.0
1134.0,0.098221,0.944428,1.645e-05,2073.3
22102.0,0.098916,0.946908,1.64e-05,2145.0
1132.0,0.681779,6.555572,0.00011415,2073.3
20354.0,0.68661,6.57279,0.00011386,2145.0
1129.0,0.223555,2.149937,3.686e-05,2182.4
1082.0,0.074993,0.721213,1.237e-05,2182.4
1135.0,0.091868,0.883495,1.515e-05,2182.4
1138.0,0.079583,0.765354,1.312e-05,2182.4
1422.0,0.324376,2.883224,5.01e-05,1787.5
13014.0,0.324376,2.884774,5.015e-05,1787.5
1425.0,0.303624,2.698776,4.69e-05,1787.5
13015.0,0.303624,2.700226,4.695e-05,1787.5
32818.0,0.251,5.244,8.44e-05,316.6
4715.0,0.068006,0.622282,1.072e-05,2182.4
23788.0,0.068006,0.620009,1.076e-05,2182.4
4707.0,0.123137,1.12675,1.941e-05,2182.4
25299.0,0.123137,1.122635,1.948e-05,2182.4
4708.0,0.044156,0.404044,6.96e-06,2182.4
23780.0,0.044156,0.402568,6.99e-06,2182.4
4712.0,0.123702,1.131924,1.95e-05,2182.4
23822.0,0.123702,1.127789,1.957e-05,2182.4
2311.0,0.252,2.135,3.79e-05,2132.5
13575.0,0.257748,2.210193,3.838e-05,1787.5
2032.0,0.139486,0.661594,1.122e-05,312.5
13386.0,0.138301,0.727339,1.026e-05,312.5
2020.0,0.478284,2.268548,3.847e-05,312.5
13387.0,0.474222,2.493981,3.52e-05,312.5
2031.0,0.315353,1.49575,2.536e-05,312.5
13388.0,0.312675,1.644388,2.321e-05,312.5
2014.0,0.153516,0.72814,1.235e-05,312.5
13392.0,0.152212,0.800497,1.13e-05,312.5
2027.0,0.192975,0.915302,1.552e-05,312.5
13393.0,0.191337,1.006258,1.42e-05,312.5
2012.0,0.576431,2.734069,4.636e-05,312.5
13395.0,0.571536,3.005763,4.242e-05,312.5
2000.0,0.498956,2.366597,4.013e-05,312.5
13397.0,0.494718,2.601774,3.672e-05,312.5
33129.0,0.65954,3.326188,4.17e-05,491.6
2625.0,0.10446,0.526812,6.6e-06,491.6
13837.0,0.101999,0.512046,6.45e-06,491.6
32957.0,0.039,0.373,5.4e-06,731.6
1788.0,0.03508,0.264319,3.72e-06,731.6
1787.0,0.108837,0.820058,1.153e-05,731.6
1786.0,0.104079,0.784205,1.102e-05,731.6
33173.0,0.101257,0.762942,1.072e-05,731.6
8084.0,0.105,0.583,5.9e-06,293.0
18274.0,0.105,0.583,5.9e-06,293.0
445.0,0.216423,1.962175,3.344e-05,2145.0
12201.0,0.221932,2.002583,3.373e-05,1787.5
434.0,0.199978,1.81308,3.09e-05,2145.0
12192.0,0.205068,1.850417,3.117e-05,1787.5
33125.0,0.796,7.832,0.0001301,2182.4
814.0,0.285539,2.299802,2.903e-05,781.9
12596.0,0.102363,1.792701,3.603e-05,495.4
391.0,0.138461,1.115198,1.407e-05,781.9
815.0,0.051663,0.90478,1.818e-05,495.4
2526.0,0.571,4.887,8.42e-05,2132.5
28.0,0.126287,1.082464,1.886e-05,2132.5
13715.0,0.128406,1.104943,1.913e-05,2132.5
2520.0,0.265201,2.273155,3.961e-05,2132.5
2525.0,0.045943,0.393793,6.86e-06,2132.5
33183.0,0.515856,4.421624,7.705e-05,2132.5
2524.0,0.065154,0.558461,9.73e-06,2132.5
2521.0,0.337308,2.891211,5.038e-05,2132.5
2527.0,0.135251,1.159292,2.02e-05,2132.5
1618.0,0.639113,5.534823,9.446e-05,1688.2
13197.0,0.654442,5.64882,9.646e-05,1688.2
1645.0,0.069189,0.599189,1.023e-05,1688.2
13194.0,0.070849,0.611531,1.044e-05,1688.2
1643.0,0.138361,1.198227,2.045e-05,1688.2
13193.0,0.141679,1.222906,2.088e-05,1688.2
1644.0,0.351603,3.044936,5.197e-05,1688.2
13189.0,0.360036,3.10765,5.307e-05,1688.2
1642.0,0.228652,1.980161,3.379e-05,1688.2
13191.0,0.234136,2.020945,3.451e-05,1688.2
31749.0,1.58082,9.015265,0.00010428,518.2
2532.0,0.054811,1.04023,1.936e-05,2025.9
2536.0,0.074987,1.423145,2.649e-05,2025.9
2533.0,0.178465,3.387016,6.304e-05,2025.9
2534.0,0.043432,0.824288,1.534e-05,2025.9
1117.0,0.434,4.009,7e-05,2182.4
12825.0,0.434,4.009,7e-05,2182.4
74.0,0.137317,1.28322,2.277e-05,2182.4
12823.0,0.137317,1.28322,2.277e-05,2182.4
1116.0,0.149683,1.39878,2.483e-05,2182.4
12824.0,0.149683,1.39878,2.483e-05,2182.4
72.0,0.232308,2.149363,3.722e-05,2182.4
12818.0,0.232308,2.140236,3.736e-05,2182.4
12819.0,0.226338,2.238665,3.506e-05,2182.4
75.0,0.253832,2.348505,4.066e-05,2182.4
12829.0,0.253832,2.338532,4.083e-05,2182.4
33184.0,0.302861,2.802132,4.852e-05,2182.4
1571.0,1.784,15.24,0.0002641,1919.1
13169.0,1.784,15.24,0.0002642,1919.1
2609.0,0.29495,2.727491,4.729e-05,1790.2
13815.0,0.29495,2.727491,4.729e-05,1790.2
2617.0,0.095017,0.878656,1.523e-05,1790.2
13812.0,0.095017,0.878656,1.523e-05,1790.2
2608.0,0.279879,2.588129,4.487e-05,1790.2
13811.0,0.279879,2.588129,4.487e-05,1790.2
2618.0,0.147916,1.367828,2.371e-05,1790.2
13809.0,0.147916,1.367828,2.371e-05,1790.2
33120.0,0.352295,3.25778,5.648e-05,1790.2
2597.0,0.140554,1.299751,2.253e-05,1790.2
13831.0,0.140554,1.299751,2.253e-05,1790.2
2614.0,0.113259,1.047343,1.816e-05,1790.2
13829.0,0.113259,1.047343,1.816e-05,1790.2
2599.0,0.031092,0.287516,4.98e-06,1790.2
13826.0,0.031092,0.287516,4.98e-06,1790.2
2601.0,0.031564,0.291878,5.06e-06,1790.2
13816.0,0.031564,0.291878,5.06e-06,1790.2
2602.0,0.032832,0.303604,5.26e-06,1790.2
13814.0,0.032832,0.303604,5.26e-06,1790.2
2603.0,0.056743,0.524725,9.1e-06,1790.2
13818.0,0.056743,0.524725,9.1e-06,1790.2
2605.0,0.070774,0.654469,1.135e-05,1790.2
13820.0,0.070774,0.654469,1.135e-05,1790.2
2611.0,0.038271,0.353908,6.14e-06,1790.2
13821.0,0.038271,0.353908,6.14e-06,1790.2
2596.0,0.174853,1.616922,2.803e-05,1790.2
13823.0,0.174853,1.616922,2.803e-05,1790.2
15618.0,1.244108,10.8355,0.00018717,2145.0
15620.0,1.24499,10.743007,0.0001858,2145.0
5574.0,0.204892,1.7845,3.083e-05,2145.0
15849.0,0.205038,1.769268,3.06e-05,2145.0
5364.0,0.460972,3.977726,6.88e-05,2145.0
15619.0,0.443,3.867,6.71e-05,2132.5
31880.0,0.341133,1.832325,2.407e-05,518.2
4170.0,0.062867,0.337675,4.43e-06,518.2
1054.0,0.27239,1.467287,1.91e-05,518.2
12721.0,0.285866,1.598342,1.798e-05,491.6
992.0,0.163325,0.879788,1.145e-05,518.2
12724.0,0.171406,0.958368,1.078e-05,491.6
1053.0,0.588285,3.168925,4.125e-05,518.2
1099.0,0.629047,3.51714,3.957e-05,491.6
4252.0,0.315,1.655,2.18e-05,491.6
32214.0,0.249482,3.403146,4.007e-05,1790.2
2680.0,0.049205,0.671196,7.9e-06,1790.2
33175.0,0.119782,1.633925,1.924e-05,1790.2
31853.0,0.213531,2.912733,3.429e-05,1790.2
5628.0,0.050508,0.482892,9.58e-06,1790.2
5629.0,0.060802,0.581302,1.154e-05,1790.2
15106.0,0.077377,0.739773,1.468e-05,1790.2
1776.0,1.004,5.289,6.1e-05,518.2
13293.0,1.004,5.317,6.06e-05,518.2
2726.0,0.366423,3.120541,5.427e-05,1698.1
2735.0,0.454542,3.870979,6.732e-05,1698.1
2728.0,0.628035,5.34848,9.301e-05,1698.1
5535.0,0.348451,2.998448,5.191e-05,2132.5
5532.0,0.06713,0.57766,1e-05,2132.5
33176.0,0.684442,5.889673,0.00010196,2132.5
7490.0,0.737968,6.333549,0.0001097,2182.4
32812.0,0.729121,6.335761,0.00010977,2145.0
31696.0,1.237,11.93,0.000207,1816.6
32015.0,0.121662,1.203335,1.884e-05,2182.4
4184.0,0.098678,0.531548,6.86e-06,518.2
14382.0,0.098678,0.531548,6.86e-06,518.2
4183.0,0.157322,0.847452,1.094e-05,518.2
14381.0,0.157322,0.847452,1.094e-05,518.2
14379.0,0.085,0.464,5.8e-06,266.7
14732.0,0.099,0.54,6.8e-06,266.7
4541.0,0.860074,5.789551,6.636e-05,491.6
14880.0,0.859341,5.789551,6.628e-05,491.6
4539.0,0.312926,2.106449,2.414e-05,491.6
14881.0,0.312659,2.106449,2.412e-05,491.6
5647.0,0.167636,1.47163,2.475e-05,621.9
5648.0,0.261963,2.299697,3.868e-05,621.9
4992.0,0.380018,3.336058,5.611e-05,621.9
5212.0,0.349916,3.071807,5.167e-05,621.9
5213.0,0.200319,1.75854,2.958e-05,621.9
5210.0,0.818147,7.182268,0.00012081,621.9
1626.0,1.030659,8.925211,0.00015452,1787.5
31767.0,0.092349,0.898615,1.421e-05,1970.4
31776.0,0.367514,3.57615,5.655e-05,1970.4
31805.0,0.191,1.852,2.83e-05,491.6
2511.0,0.091,0.532,5.8e-06,491.6
31942.0,2.362,11.81,0.0001507,703.4
31927.0,1.655,8.318,0.0001048,586.4
31888.0,0.649,4.261,3.14e-05,398.6
31633.0,0.296,1.579,2.09e-05,266.7
439.0,0.080599,0.730745,1.245e-05,2145.0
12198.0,0.066933,0.610232,1.009e-05,1970.4
12207.0,0.195996,1.779792,2.955e-05,2145.0
33200.0,0.193759,1.766512,2.921e-05,1970.4
440.0,0.153853,1.397106,2.32e-05,2145.0
12209.0,0.152098,1.386681,2.293e-05,1970.4
436.0,0.170151,1.545103,2.565e-05,2145.0
12208.0,0.16821,1.533574,2.536e-05,1970.4
32043.0,0.495,4.724,8.29e-05,631.9
6074.0,0.390678,3.42762,5.864e-05,1719.2
16211.0,0.254837,2.233655,3.886e-05,1719.2
16213.0,0.372154,3.387163,5.854e-05,1719.2
6070.0,0.112777,0.989451,1.693e-05,1719.2
16214.0,0.073564,0.644789,1.122e-05,1719.2
16215.0,0.10743,0.977772,1.69e-05,1719.2
6080.0,0.017545,0.15393,2.63e-06,1719.2
16217.0,0.033978,0.307339,5.4e-06,1719.2
32170.0,0.011665,0.102241,1.78e-06,1719.2
31789.0,0.134,1.161,2.01e-05,2145.0
5367.0,1.520181,12.975237,0.00022475,2145.0
4769.0,0.220819,1.884763,3.265e-05,2145.0
20823.0,0.220819,1.884763,3.261e-05,2132.5
7240.0,4.07,18.26,0.00012912,485.6
17007.0,4.791509,23.729376,0.00017098,457.3
33104.0,4.791339,23.735313,0.00017094,457.3
16831.0,0.857491,4.246624,3.06e-05,457.3
16833.0,0.857461,4.247687,3.059e-05,457.3
3997.0,0.563431,5.112822,9.134e-05,2182.4
12101.0,0.561102,5.120121,9.129e-05,2182.4
4001.0,0.081669,0.741098,1.324e-05,2182.4
12099.0,0.081331,0.742156,1.323e-05,2182.4
3996.0,0.2549,2.31308,4.132e-05,2182.4
12102.0,0.259,2.333,4.219e-05,2182.4
8620.0,2.141,22.444,0.00035202,1721.8
18035.0,2.128852,22.652317,0.00034781,1721.8
9024.0,0.919544,16.602195,0.00032898,2369.4
18340.0,0.458,8.247,0.00016415,2369.4
33168.0,0.211456,3.817805,7.565e-05,2369.4
32114.0,1.318,15.41,0.00019478,1458.5
9372.0,1.7369,19.862,0.00025623,1458.5
18744.0,1.737,19.862,0.00025624,1458.5
30584.0,0.284462,2.58847,4.596e-05,2073.3
30583.0,0.127538,1.16053,2.061e-05,2073.3
7404.0,0.889,7.353,0.00013711,2182.4
7053.0,0.342175,2.946396,5.175e-05,2182.4
7050.0,1.252102,10.781575,0.00018936,2182.4
8060.0,0.053636,0.461849,8.11e-06,2182.4
18255.0,0.053629,0.461709,8.11e-06,2182.4
8063.0,0.690086,5.94218,0.00010436,2182.4
18258.0,0.689994,5.940374,0.00010433,2182.4
7123.0,0.504987,4.346662,7.636e-05,2073.3
16969.0,0.504987,4.346662,7.636e-05,1939.7
7116.0,0.30608,2.634573,4.628e-05,2073.3
16971.0,0.30608,2.634573,4.628e-05,1939.7
16972.0,0.295073,2.539832,4.462e-05,2073.3
33115.0,0.295073,2.539832,4.462e-05,1939.7
7115.0,0.101501,0.873666,1.535e-05,2073.3
16973.0,0.101501,0.873666,1.535e-05,1939.7
7120.0,0.361688,3.11322,5.469e-05,2073.3
16974.0,0.361688,3.11322,5.469e-05,1939.7
7117.0,0.570672,4.912047,8.629e-05,2073.3
16975.0,0.570672,4.912047,8.629e-05,1939.7
3987.0,0.294257,2.623367,4.783e-05,1721.8
3986.0,0.533668,4.757766,8.675e-05,1721.8
33101.0,0.316074,2.817867,5.138e-05,1721.8
3708.0,0.051902,0.643224,8.85e-06,1724.4
11814.0,0.051902,0.643224,8.85e-06,1724.4
11816.0,0.047172,0.619384,8.07e-06,1458.5
11817.0,0.047172,0.619384,8.07e-06,1458.5
3784.0,0.067828,0.890616,1.16e-05,1458.5
11818.0,0.067828,0.890616,1.16e-05,1458.5
5856.0,0.874142,4.991039,4.754e-05,361.6
16528.0,0.873909,5.013393,4.753e-05,269.0
33154.0,2.879858,16.442961,0.00015661,361.6
5527.0,0.028396,0.320839,4.23e-06,1458.5
15811.0,0.028396,0.320916,4.23e-06,1458.5
5524.0,1.444604,16.322161,0.00021529,1458.5
15813.0,1.444604,16.326084,0.00021536,1458.5
9949.0,0.058077,1.042669,0.00013928,1691.5
19157.0,0.058236,1.042031,0.0001434,1458.5
9956.0,0.048155,0.864549,0.00011549,1691.5
9997.0,0.048126,0.861124,0.0001185,1458.5
33153.0,0.257768,4.627781,0.00061819,1691.5
31782.0,0.835,9.348,0.00012127,723.2
31818.0,0.816,9.404,0.00012227,1458.5
4782.0,0.348944,3.910477,5.068e-05,1458.5
15473.0,0.347,3.881,5.03e-05,1458.5
5249.0,0.135056,1.513523,1.962e-05,1458.5
15475.0,0.138,1.543,2e-05,1458.5
33163.0,0.177411,1.634431,2.871e-05,1450.6
7533.0,0.456769,4.208073,7.391e-05,1450.6
17418.0,0.456769,4.208073,7.391e-05,1450.6
7528.0,1.193769,10.997826,0.00019316,1450.6
17410.0,1.193769,10.997826,0.00019316,1450.6
7532.0,0.173471,1.598133,2.807e-05,1450.6
17411.0,0.173471,1.598133,2.807e-05,1450.6
7527.0,0.153116,1.410613,2.478e-05,1450.6
17420.0,0.153116,1.410613,2.478e-05,1450.6
7531.0,0.282219,3.128678,4.529e-05,1723.8
17414.0,0.280408,2.983717,4.581e-05,1721.8
17415.0,0.304463,2.804923,4.926e-05,1450.6
17416.0,0.304463,2.804923,4.926e-05,1450.6
8444.0,0.854,9.56,0.00012395,1458.5
17844.0,0.771,8.88,0.00011545,1458.5
33172.0,0.406819,3.738776,6.594e-05,2182.4
8000.0,0.118307,1.087277,1.918e-05,2182.4
18214.0,0.118709,1.078434,1.934e-05,2182.4
25394.0,0.042647,0.391939,6.91e-06,2182.4
8009.0,0.042792,0.388752,6.97e-06,2182.4
25393.0,0.315226,2.897007,5.11e-05,2182.4
8007.0,0.316297,2.873446,5.154e-05,2182.4
3330.0,0.060018,0.553635,9.66e-06,2182.4
11231.0,0.060018,0.553154,9.67e-06,2182.4
3329.0,0.034493,0.318182,5.55e-06,2182.4
11232.0,0.034493,0.317905,5.56e-06,2182.4
3331.0,1.098918,10.136912,0.00017686,2182.4
11239.0,1.098918,10.128103,0.00017714,2182.4
3326.0,0.303571,2.800271,4.886e-05,2182.4
11235.0,0.303571,2.797838,4.893e-05,2182.4
11237.0,0.145873,1.413462,2.482e-05,1698.1
11238.0,0.145873,1.413462,2.482e-05,1698.1
7200.0,0.314068,3.63321,6.61e-05,2116.7
17059.0,0.315128,3.602359,6.46e-05,2075.9
7468.0,0.123713,1.396379,2.563e-05,2119.3
17377.0,0.123841,1.415679,2.539e-05,2075.9
7469.0,0.354757,4.004224,7.351e-05,2119.3
17376.0,0.355124,4.059566,7.28e-05,2075.9
7467.0,0.46153,5.209397,9.563e-05,2119.3
17368.0,0.462007,5.281396,9.471e-05,2075.9
17369.0,0.55839,5.269513,9.431e-05,1451.9
3665.0,0.550892,6.470629,8.607e-05,1458.5
11677.0,0.569448,6.609052,8.344e-05,1458.5
3666.0,0.046063,0.541048,7.2e-06,1458.5
11678.0,0.041814,0.482433,7.13e-06,1458.5
3667.0,0.166045,1.950323,2.594e-05,1458.5
11679.0,0.150728,1.739035,2.568e-05,1458.5
8632.0,0.178535,2.120992,2.952e-05,1458.5
18055.0,0.167321,1.888589,2.472e-05,1458.5
17848.0,0.046465,0.552008,7.68e-06,1458.5
18053.0,0.043547,0.491522,6.43e-06,1458.5
11675.0,0.189552,2.199948,2.777e-05,1458.5
11807.0,0.166458,1.920532,2.837e-05,1458.5
21510.0,0.072,0.412,3.16e-06,420.3
6502.0,0.072,0.412,3.16e-06,420.3
10687.0,0.119023,2.16019,0.00016374,1691.5
19766.0,0.120327,2.185798,0.00016666,1691.5
33146.0,0.638577,11.58981,0.00087851,1691.5
6397.0,0.46,2.2,1.571e-05,317.8
16583.0,0.443,2.042,1.502e-05,317.8
7428.0,0.1226,1.387687,1.787e-05,2158.1
6945.0,0.505269,5.719057,7.364e-05,2158.1
7429.0,0.303553,3.435867,4.424e-05,2158.1
7423.0,0.108381,1.226748,1.58e-05,2158.1
7424.0,0.30743,3.479744,4.48e-05,2158.1
7427.0,0.973767,11.021897,0.00014191,2158.1
8442.0,0.069665,0.802108,1.043e-05,1458.5
17847.0,0.069671,0.786393,1.029e-05,1458.5
33191.0,1.491335,17.170892,0.00022325,1458.5
8403.0,0.787,3.763,4.995e-05,476.3
17794.0,0.787,3.763,4.995e-05,476.3
6394.0,0.260038,2.352093,4.131e-05,1719.2
16571.0,0.291169,2.50492,4.399e-05,1719.2
6396.0,0.099874,0.903383,1.587e-05,1719.2
16570.0,0.111831,0.96208,1.69e-05,1719.2
33128.0,0.66811,6.043185,0.00010614,1719.2
8422.0,0.035351,0.304428,5.35e-06,1721.8
17821.0,0.035871,0.303296,5.38e-06,1719.2
8421.0,0.311866,2.685632,4.716e-05,1721.8
17813.0,0.316447,2.675639,4.744e-05,1719.2
8428.0,0.235922,2.031638,3.567e-05,1721.8
17814.0,0.239387,2.024079,3.589e-05,1719.2
8426.0,0.410265,3.532989,6.204e-05,1721.8
17824.0,0.41629,3.519843,6.241e-05,1719.2
33181.0,0.504595,4.345312,7.63e-05,1721.8
17413.0,0.355072,3.936317,5.698e-05,1723.8
30509.0,0.346526,3.68725,5.661e-05,1721.8
8622.0,0.118709,1.316005,1.905e-05,1723.8
18030.0,0.117947,1.255031,1.927e-05,1721.8
10525.0,0.068,0.772,1.445e-05,1895.6
19606.0,0.068,0.772,1.444e-05,1895.6
7203.0,0.078387,0.906802,1.65e-05,2116.7
8014.0,0.082625,0.935354,1.707e-05,2116.7
17054.0,0.080223,0.870538,1.626e-05,1579.6
7202.0,0.520654,6.023042,0.00010959,2116.7
17055.0,0.537231,6.081731,0.000111,2116.7
7198.0,0.156891,1.814946,3.302e-05,2116.7
17042.0,0.161886,1.832631,3.345e-05,2116.7
8013.0,0.194003,2.105227,3.931e-05,1579.6
8012.0,1.725774,18.727236,0.0003497,1579.6
4813.0,0.041132,0.375333,6.69e-06,2182.4
15163.0,0.041172,0.37609,6.7e-06,2182.4
5020.0,1.442435,13.16239,0.00023468,2182.4
15161.0,1.443828,13.18891,0.00023509,2182.4
10964.0,0.354,6.459,0.00012574,2204.2
19975.0,0.354,6.459,0.00012574,2204.2
6399.0,1.26,6.35,4.398e-05,317.8
16598.0,1.295,6.179,4.251e-05,254.2
6402.0,0.60278,2.970302,1.907e-05,317.8
16575.0,0.588247,2.95277,2.029e-05,317.8
6401.0,0.228179,1.12439,7.22e-06,317.8
16592.0,0.222677,1.117754,7.68e-06,317.8
33189.0,1.782041,8.781307,5.638e-05,317.8
8430.0,0.298728,2.724538,4.964e-05,2182.4
17830.0,0.714,6.512,0.00011866,2078.5
3814.0,0.371757,3.390589,6.178e-05,2182.4
11859.0,0.883576,8.088259,0.00014553,2078.5
3815.0,0.043515,0.396873,7.23e-06,2182.4
11857.0,0.103424,0.946741,1.703e-05,2078.5
10938.0,0.104814,1.891845,3.635e-05,2204.2
19952.0,0.104814,1.891845,3.635e-05,2204.2
10939.0,0.145065,2.618355,5.031e-05,2204.2
19953.0,0.145065,2.618355,5.031e-05,2204.2
10935.0,0.031974,0.57711,1.109e-05,2204.2
19948.0,0.031974,0.57711,1.109e-05,2204.2
10936.0,0.021147,0.381691,7.33e-06,2204.2
19950.0,0.021147,0.381691,7.33e-06,2204.2
10987.0,0.074,0.93,1.257e-05,1118.2
30808.0,0.017824,0.321494,6.25e-06,2204.2
30809.0,0.016362,0.295129,5.73e-06,2204.2
31692.0,0.576815,10.404377,0.00020212,2204.2
3742.0,0.056129,0.655008,8.26e-06,548.7
11759.0,0.066,0.768,9.68e-06,548.7
3571.0,0.158871,1.853992,2.337e-05,548.7
11548.0,0.149,1.741,2.195e-05,548.7
7279.0,0.189027,2.077586,3.841e-05,1450.6
32029.0,2.245973,24.685414,0.00045632,1450.6
32062.0,1.973509,21.470644,0.00027499,1450.6
3206.0,0.116491,1.267356,1.623e-05,1450.6
3409.0,0.122774,1.34305,1.707e-05,1450.6
11348.0,0.122774,1.34305,1.707e-05,1450.6
7261.0,1.41,17.291,0.00025667,1579.6
7453.0,1.43,15.587,0.00028714,1579.6
33086.0,0.844713,4.732187,3.632e-05,348.7
3979.0,0.150692,0.844196,6.48e-06,348.7
3974.0,0.293549,1.644498,1.262e-05,348.7
3972.0,0.219045,1.227118,9.42e-06,348.7
32092.0,0.475,5.551,6.998e-05,647.4
11013.0,0.422,4.724,6.116e-05,1458.5
19993.0,0.422,4.724,6.116e-05,1458.5
8641.0,0.123529,1.093404,1.92e-05,1450.6
8642.0,0.167872,1.485907,2.61e-05,1450.6
8636.0,0.323154,2.860376,5.024e-05,1450.6
33164.0,0.159445,1.411314,2.479e-05,1450.6
8626.0,0.16887,1.421157,2.54e-05,1721.8
18044.0,0.16887,1.421157,2.54e-05,1721.8
8629.0,0.143705,1.209372,2.161e-05,1721.8
18042.0,0.143705,1.209372,2.161e-05,1721.8
8628.0,0.274425,2.309471,4.128e-05,1721.8
18041.0,0.274425,2.309471,4.128e-05,1721.8
33169.0,0.496132,2.865858,2.199e-05,361.6
2491.0,0.800868,4.626142,3.55e-05,361.6
8675.0,0.074304,0.677975,1.211e-05,1451.9
18095.0,0.07146,0.674369,1.207e-05,1451.9
18103.0,0.681696,6.220025,0.00011106,1451.9
4011.0,0.48407,4.503432,7.91e-05,1808.7
12105.0,0.479574,4.485274,7.877e-05,1579.6
4010.0,0.28093,2.613568,4.59e-05,1808.7
12106.0,0.278321,2.60303,4.571e-05,1579.6
664.0,0.687,6.462,0.00011349,1808.7
11346.0,0.694105,6.491695,0.000114,1579.6
10323.0,0.183047,3.144883,5.299e-05,2075.9
19505.0,0.082683,1.448803,2.575e-05,2075.9
11147.0,0.019585,0.336488,5.67e-06,2075.9
19469.0,0.008847,0.155015,2.76e-06,2075.9
33118.0,0.14423,2.477976,4.175e-05,2075.9
3283.0,0.041395,0.711195,1.198e-05,2075.9
11160.0,0.018698,0.327638,5.82e-06,2075.9
11161.0,0.063785,0.735219,9.48e-06,1839.0
3294.0,0.026743,0.459458,7.74e-06,2075.9
10370.0,0.00851,0.149117,2.65e-06,2075.9
11140.0,0.041208,0.474979,6.12e-06,1839.0
7799.0,0.738878,3.165586,3.921e-05,422.2
17772.0,2.124122,9.100414,0.00011272,422.2
3461.0,0.822168,7.079032,0.00012425,2182.4
11409.0,0.822168,7.079802,0.00012435,2182.4
3462.0,1.314832,11.320968,0.00019871,2182.4
11408.0,1.314832,11.322198,0.00019886,2182.4
5646.0,4.04,20.36,0.00013729,317.8
15917.0,4.111176,20.257317,0.00013006,317.8
31990.0,3.36,16.867,0.0003839,419.9
31956.0,1.577449,13.020754,0.00010787,419.9
6420.0,0.511908,4.225444,3.501e-05,419.9
24101.0,0.511908,4.225444,3.501e-05,419.9
31957.0,0.230643,1.903802,1.577e-05,419.9
7665.0,0.25244,2.173685,3.818e-05,1450.6
17510.0,0.25244,2.173685,3.818e-05,1450.6
7664.0,1.120783,9.65073,0.00016949,1450.6
17508.0,1.120783,9.65073,0.00016949,1450.6
7669.0,0.121777,1.048586,1.842e-05,1450.6
17511.0,0.121777,1.048586,1.842e-05,1450.6
8417.0,1.151,5.788,4.505e-05,457.3
21658.0,1.151,5.788,4.505e-05,457.3
7327.0,1.66252,7.798025,5.859e-05,317.8
17231.0,1.68572,7.929628,6.164e-05,317.8
32371.0,0.173073,0.811796,6.1e-06,317.8
7328.0,0.184887,0.869708,6.76e-06,317.8
16944.0,0.562138,2.6367,1.981e-05,317.8
33059.0,0.629393,2.960663,2.302e-05,317.8
7828.0,0.84,3.326,4.244e-05,422.2
18165.0,0.84,3.326,4.244e-05,422.2
7063.0,0.89,9.742,0.00013854,839.8
33165.0,1.337629,16.527986,0.00018863,809.4
3426.0,0.442371,5.466014,6.238e-05,809.4
11360.0,0.442371,5.466014,6.238e-05,809.4
397.0,0.064241,0.702743,8.93e-06,1450.6
11080.0,0.064241,0.702743,8.93e-06,1450.6
3207.0,0.555612,6.077929,7.724e-05,1450.6
11075.0,0.555612,6.077929,7.724e-05,1450.6
3210.0,0.458763,5.018481,6.378e-05,1450.6
11077.0,0.458763,5.018481,6.378e-05,1450.6
15356.0,0.238965,2.05577,3.602e-05,1553.3
5139.0,0.241754,2.188614,3.844e-05,2182.4
15354.0,0.257035,2.21123,3.875e-05,1553.3
5048.0,1.248,11.452,0.00020225,2057.5
15210.0,1.248,11.452,0.00020225,2057.5
4761.0,0.474246,4.293386,7.541e-05,2182.4
33186.0,1.023966,9.663141,0.00017295,1451.9
21675.0,0.036581,0.345216,6.18e-06,1451.9
21635.0,0.401563,3.789544,6.783e-05,1451.9
7804.0,0.06604,0.623217,1.115e-05,1451.9
32078.0,1.296,14.666,0.00018888,2182.4
32050.0,4.931,18.545,0.00023983,416.9
32060.0,1.18,12.832,0.0001643,1634.9
10479.0,0.022067,0.399152,7.36e-06,2204.2
19559.0,0.02241,0.405097,7.47e-06,2204.2
10481.0,0.102341,1.851155,3.415e-05,2204.2
19561.0,0.103932,1.878729,3.465e-05,2204.2
10425.0,0.068592,1.240693,2.289e-05,2204.2
19563.0,0.069658,1.259174,2.322e-05,2204.2
25221.0,0.25398,4.545406,9.061e-05,2204.2
31367.0,0.181413,3.246704,6.472e-05,2204.2
32816.0,0.116607,2.08689,4.16e-05,2204.2
7160.0,0.207,1.58,1.117e-05,457.3
17012.0,0.2065,1.58,1.117e-05,457.3
7593.0,0.223754,1.202842,1.535e-05,518.2
25250.0,0.223754,1.202842,1.535e-05,518.2
7594.0,1.136246,6.108158,7.795e-05,518.2
23734.0,1.136246,6.108158,7.795e-05,518.2
12007.0,2.056615,11.368302,8.726e-05,361.6
17020.0,2.040398,11.357673,8.817e-05,336.5
3916.0,0.653385,3.611698,2.772e-05,361.6
12004.0,0.680889,3.799329,2.911e-05,361.6
7505.0,2.528,21.765,0.00038227,1721.8
17403.0,2.528,21.765,0.00038227,1641.5
3896.0,0.706,7.979,0.00010459,1458.5
11965.0,0.706,7.98,0.00010461,1458.5
2376.0,0.1,0.83,1.539e-05,1579.6
11572.0,0.099,0.857,1.504e-05,1579.6
11153.0,0.134245,1.547365,1.995e-05,1839.0
3287.0,0.11798,1.50948,2.156e-05,1709.9
11154.0,0.125864,1.451669,1.887e-05,1458.5
11152.0,0.082136,0.947331,1.232e-05,1458.5
11815.0,0.182098,2.256776,3.105e-05,1724.4
18652.0,0.182098,2.256776,3.105e-05,1724.4
3286.0,0.116625,1.34427,1.733e-05,1839.0
11158.0,0.102495,1.311357,1.873e-05,1709.9
3291.0,0.059869,0.690075,8.9e-06,1839.0
11156.0,0.052615,0.67318,9.61e-06,1709.9
11148.0,0.836025,9.636408,0.00012425,1839.0
33187.0,0.734735,9.400473,0.00013427,1709.9
25162.0,0.216857,2.774547,3.963e-05,1709.9
7051.0,0.066905,0.576005,1.012e-05,2182.4
8067.0,0.863473,7.433912,0.00013056,2182.4
18262.0,0.84,7.231,0.000127,2182.4
15899.0,1.03,5.18,3.519e-05,317.8
16581.0,1.093824,5.389683,3.461e-05,317.8
7030.0,0.58,2.81,3.6e-05,414.6
7031.0,0.139,0.698,4.74e-06,365.8
3918.0,0.4613,2.574035,1.973e-05,361.6
12014.0,0.439176,2.444628,1.898e-05,336.5
3921.0,0.119608,0.667405,5.11e-06,361.6
12015.0,0.113871,0.633852,4.92e-06,336.5
3922.0,0.239316,1.335374,1.023e-05,361.6
11987.0,0.227838,1.268239,9.85e-06,336.5
3926.0,0.24692,1.377801,1.056e-05,361.6
12011.0,0.235077,1.308533,1.016e-05,336.5
3919.0,1.653967,9.229058,7.072e-05,361.6
12010.0,1.57464,8.765075,6.805e-05,336.5
3906.0,0.300762,1.73707,1.333e-05,361.6
11992.0,0.30811,1.752792,1.364e-05,361.6
3895.0,1.459238,8.42793,6.466e-05,361.6
11990.0,1.49489,8.504208,6.616e-05,361.6
3924.0,0.367,2.12,1.634e-05,361.6
11998.0,0.744,4.3,3.307e-05,361.6
1302.0,0.185767,1.798379,2.716e-05,2354.9
12988.0,0.338,3.787,4.907e-05,1694.8
3588.0,0.514,4.675,8.418e-05,2185.2
11571.0,0.55,4.735,8.315e-05,2182.4
3589.0,0.6371,5.9284,0.00010412,2185.2
5147.0,2.613,10.05,0.00013155,361.6
15363.0,2.613,10.05,0.00013155,361.6
32027.0,1.117,12.212,0.00015565,609.7
8032.0,0.021569,0.203224,3.73e-06,1790.2
20699.0,0.021569,0.2031,3.73e-06,1790.2
8026.0,0.079902,0.752837,1.382e-05,1790.2
21625.0,0.079902,0.752375,1.382e-05,1790.2
8038.0,0.044045,0.414989,7.62e-06,1790.2
21630.0,0.044045,0.414735,7.62e-06,1790.2
33188.0,0.066469,0.626271,1.15e-05,1790.2
8023.0,0.085418,0.804802,1.477e-05,1790.2
21623.0,0.085418,0.804308,1.477e-05,1790.2
8022.0,0.048597,0.457877,8.41e-06,1790.2
21622.0,0.048597,0.457596,8.41e-06,1790.2
4108.0,0.403134,3.166844,5.841e-05,1698.1
14226.0,0.403134,3.166844,5.841e-05,1698.1
4105.0,0.046866,0.368156,6.79e-06,1698.1
14222.0,0.046866,0.368156,6.79e-06,1698.1
33150.0,0.061,0.564,9.9e-06,1790.2
7810.0,0.026001,0.234353,3.64e-06,1986.4
17656.0,0.026001,0.234353,3.64e-06,1986.4
8288.0,0.728999,6.570647,0.000102,1986.4
17658.0,0.728999,6.570647,0.000102,1986.4
3613.0,0.049875,0.458707,7.51e-06,1808.7
11616.0,0.052337,0.433921,7.87e-06,1808.7
3615.0,0.019687,0.181061,2.96e-06,1808.7
11626.0,0.020658,0.171277,3.11e-06,1808.7
3614.0,0.12058,1.108997,1.815e-05,1808.7
11627.0,0.126533,1.049075,1.903e-05,1808.7
33135.0,0.596045,5.481934,8.969e-05,1808.7
7250.0,0.221881,2.189674,3.843e-05,2494.2
17141.0,0.23979,2.265254,3.654e-05,2494.2
7251.0,0.03381,0.333656,5.86e-06,2494.2
17103.0,0.036538,0.345173,5.57e-06,2494.2
33096.0,0.475309,4.69067,8.232e-05,2494.2
9258.0,0.074212,1.113816,2.089e-05,2369.4
18660.0,0.074212,1.113816,2.089e-05,2369.4
9272.0,0.083632,1.255192,2.354e-05,2369.4
18661.0,0.083632,1.255192,2.354e-05,2369.4
9274.0,0.024531,0.368171,6.9e-06,2369.4
18663.0,0.024531,0.368171,6.9e-06,2369.4
33109.0,0.289624,4.346821,8.152e-05,2369.4
30819.0,0.46713,5.292158,9.581e-05,1579.6
30820.0,0.08287,0.938842,1.7e-05,1579.6
33196.0,0.050302,0.487408,8.56e-06,1698.1
6550.0,0.109189,1.058007,1.857e-05,1698.1
16741.0,0.109189,1.058007,1.857e-05,1698.1
6541.0,0.129636,1.256124,2.205e-05,1698.1
16742.0,0.129636,1.256124,2.205e-05,1698.1
31719.0,0.13,1.396,1.938e-05,1816.6
7787.0,0.074913,0.698612,1.222e-05,2078.5
17888.0,0.082026,0.856574,1.477e-05,2078.5
33094.0,0.106835,1.035328,3.317e-05,2182.4
21680.0,0.015388,0.161267,2.82e-06,1679.7
8496.0,0.030941,0.323112,5.57e-06,2078.5
17889.0,0.022326,0.350343,5.48e-06,1316.4
8495.0,0.033421,0.35025,6.13e-06,1679.7
17891.0,0.0672,0.701754,1.21e-05,2078.5
3452.0,0.784082,5.911315,0.00012688,863.8
3453.0,0.25897,1.952411,4.191e-05,863.8
3451.0,0.112648,0.849273,1.823e-05,863.8
3516.0,0.540734,4.014826,7.903e-05,1143.2
23833.0,0.087366,0.648674,1.277e-05,1143.2
4834.0,0.153729,1.270396,2.481e-05,1021.2
8653.0,0.294992,2.354851,4.896e-05,762.1
18082.0,0.314775,2.492674,5.172e-05,754.5
5618.0,2.025008,16.165149,0.00033608,762.1
15903.0,2.047666,16.38133,0.00033871,571.6
5619.0,0.055225,0.437326,9.07e-06,754.5
15902.0,0.052334,0.41867,8.66e-06,571.6
3276.0,0.564666,3.975944,8.221e-05,488.9
3277.0,0.06091,0.428884,8.87e-06,488.9
1531.0,0.157871,1.121891,2.117e-05,730.1
11138.0,0.147005,1.035095,2.14e-05,488.9
3278.0,0.212012,1.506639,2.843e-05,730.1
11137.0,0.197419,1.390077,2.874e-05,488.9
1807.0,0.08941,0.447636,5.88e-06,607.8
11367.0,0.091897,0.466264,6.18e-06,607.8
11368.0,0.831994,6.388527,0.00013709,1065.8
11705.0,1.60769,8.048964,0.00010568,607.8
8586.0,0.138576,1.577728,2.443e-05,2078.5
17999.0,0.113054,1.663576,2.754e-05,1974.5
33139.0,0.140895,1.604139,2.484e-05,2078.5
7542.0,0.024803,0.282395,4.37e-06,2078.5
6523.0,2.28,20.5,0.00034715,1579.6
3628.0,3.62,30.41,0.00054727,2078.5
11645.0,3.621,31.02,0.00054224,2023.0
11654.0,3.584804,30.51576,0.00053116,1688.2
8686.0,0.08,0.7,1.137e-05,228.6
5421.0,2.297944,19.311918,0.00034739,2078.5
15676.0,2.278821,19.398542,0.00033765,1688.2
5422.0,0.202056,1.698082,3.055e-05,2078.5
15677.0,0.200375,1.705698,2.969e-05,1688.2
31712.0,0.74785,7.8603,0.00013748,930.5
3809.0,0.100117,0.71147,1.342e-05,730.1
3643.0,0.081673,1.214157,1.927e-05,1974.5
11636.0,0.081687,1.214436,1.926e-05,1974.5
3644.0,0.057796,0.8592,1.364e-05,1974.5
11666.0,0.057806,0.859397,1.363e-05,1974.5
3657.0,0.44643,6.636643,0.00010533,1974.5
11665.0,0.446507,6.638167,0.00010525,1974.5
5333.0,0.069589,0.639591,1.117e-05,1790.2
5330.0,0.375411,3.450409,6.024e-05,1790.2
32921.0,2.29,19.22,0.00034133,1777.1
8079.0,1.09,11.49,0.00016427,1665.5
18269.0,1.147427,11.255713,0.00016792,1385.6
18251.0,0.679297,7.008077,0.000113,2182.4
18267.0,0.742573,7.284287,0.00010867,1385.6
33174.0,0.319032,3.33156,5.744e-05,2078.5
33179.0,0.85,8.96,0.00014473,2078.5
23745.0,0.158594,2.065891,3.334e-05,1995.3
3877.0,0.156037,2.073469,3.331e-05,1895.6
3878.0,0.569153,7.41397,0.00011966,1995.3
11940.0,0.032253,0.420139,6.78e-06,1995.3
32013.0,0.134982,1.249298,2.177e-05,2078.5
23717.0,0.14201,1.376209,4.409e-05,2182.4
7092.0,0.335018,3.100702,5.404e-05,2078.5
8058.0,0.520703,5.371923,8.662e-05,2182.4
18254.0,0.52,5.44,8.655e-05,1316.4
32047.0,1.5275,13.867,0.00024966,2078.5
33177.0,0.538094,6.243733,0.00011356,2073.3
7205.0,0.440333,5.389487,9.67e-05,1974.5
17062.0,0.046906,0.544267,9.9e-06,2073.3
17171.0,0.21,1.9,2.991e-05,1316.4
31515.0,0.52,4.8,8.134e-05,2182.4
32033.0,1.25,13.66,0.00019013,1789.6
7257.0,0.591114,6.142355,9.867e-05,1995.3
33100.0,0.165886,1.723745,2.769e-05,1995.3
31699.0,1.4,12.67,0.00015359,1247.1
31666.0,0.465,4.67,8.264e-05,1184.7
32141.0,1.975,17.82,0.00020248,1179.5
32169.0,1.36,12.11,0.00020427,2078.5
33171.0,0.135,1.735,2.721e-05,1895.6
32151.0,0.18,0.89,1.062e-05,248.1
32835.0,0.387932,2.014527,2.378e-05,571.6
32911.0,0.384818,2.001423,2.432e-05,571.6
25071.0,0.182068,0.945473,1.116e-05,571.6
31720.0,0.9956,11.389,0.00021787,1974.5
6917.0,0.02607,0.370194,6.09e-06,1974.5
17001.0,0.047425,0.718494,1.149e-05,1316.4
10712.0,0.0367,0.384617,6.73e-06,1679.7
21820.0,0.054897,0.831691,1.331e-05,1316.4
10714.0,0.020102,0.210664,3.68e-06,1679.7
22114.0,0.030068,0.455537,7.29e-06,1316.4
10715.0,0.081161,0.850569,1.488e-05,1679.7
21822.0,0.121403,1.839261,2.943e-05,1316.4
10716.0,0.070961,0.743674,1.301e-05,1679.7
25268.0,0.106146,1.608111,2.573e-05,1316.4
10717.0,0.026781,0.280665,4.91e-06,1679.7
23805.0,0.04006,0.606906,9.71e-06,1316.4
7977.0,0.18,0.9,1.169e-05,206.5
18203.0,0.18,0.9,1.169e-05,206.5
31512.0,0.47,2.94,3.597e-05,158.1
6185.0,0.251117,2.597025,4.185e-05,1995.3
16347.0,0.251117,2.597025,4.176e-05,1995.3
6187.0,0.156136,1.61474,2.602e-05,1995.3
16346.0,0.156136,1.61474,2.597e-05,1995.3
6181.0,0.040894,0.422917,6.81e-06,1995.3
16344.0,0.040894,0.422917,6.8e-06,1995.3
6192.0,0.125987,1.302943,2.099e-05,1995.3
16354.0,0.125987,1.302943,2.095e-05,1995.3
21957.0,0.07561,0.781946,1.26e-05,1995.3
6197.0,0.07561,0.781946,1.258e-05,1995.3
6190.0,0.520256,5.380428,8.669e-05,1995.3
16359.0,0.520256,5.380428,8.653e-05,1995.3
8544.0,0.1393,1.2336,2.454e-05,2369.4
8545.0,0.14,1.24,2.469e-05,393.6
3431.0,0.568006,4.361473,9.359e-05,1065.8
11370.0,1.128103,5.723736,7.585e-05,607.8
3432.0,0.5935,4.5624,9.817e-05,1065.8
11372.0,1.16,5.71,7.747e-05,978.2
33138.0,0.393984,5.235367,8.411e-05,1895.6
32808.0,0.301155,2.918462,9.351e-05,2182.4
7147.0,0.85,16.422,0.00027652,1179.5
31386.0,0.029103,0.304994,5.33e-06,1679.7
32095.0,0.9,8.08,0.0001448,2182.4
33140.0,1.050673,12.11003,0.00021925,2078.5
3873.0,0.335683,3.869069,7.005e-05,2078.5
33144.0,0.170313,1.963027,3.554e-05,2078.5
3517.0,0.072759,0.601274,1.174e-05,1021.2
3512.0,0.452467,3.739134,7.301e-05,1021.2
3514.0,0.113046,0.934196,1.824e-05,1021.2
7675.0,0.324,4.43,6.824e-05,2494.2
17518.0,0.32,4.41,6.827e-05,2494.2
7672.0,0.650932,8.849268,0.00013681,1895.6
17523.0,0.649985,8.841064,0.00013658,1895.6
7670.0,0.031276,0.425184,6.57e-06,1895.6
17514.0,0.03123,0.42479,6.56e-06,1895.6
21665.0,0.349292,4.748548,7.341e-05,1895.6
17515.0,0.348784,4.744146,7.329e-05,1895.6
31737.0,0.45,3.82,7.823e-05,314.6
32094.0,0.06,0.56,9.86e-06,309.3
6922.0,0.156636,1.429807,2.414e-05,1263.7
16875.0,0.154042,1.406131,2.374e-05,1263.7
33193.0,0.08459,0.772152,1.304e-05,1263.7
