trafo_id,bus0,bus1,s_nom,t_x,t_r,v0,v1,bus0_x,bus0_y,bus1_x,bus1_y
31028,39244,39245,780,0.12,0.003,110,220,12.81442145413348,50.85678022161893,12.81442145413348,50.85678022161893
30857,39300,39301,780,0.12,0.003,110,220,9.852928400878314,51.64927355446412,9.852928400878314,51.64927355446412
30859,37540,37541,520,0.12,0.003,110,220,11.58137197036542,48.76489385387552,11.58137197036542,48.76489385387552
30861,37834,37835,1920,0.12,0.003,110,220,8.313340225406103,49.0090434726611,8.313340225406103,49.0090434726611
30864,35416,35417,1300,0.12,0.003,110,220,9.529613132778817,53.61897916086547,9.529613132778817,53.61897916086547
30865,37352,37353,520,0.12,0.003,110,220,7.890386064217829,52.27794041517114,7.890386064217829,52.27794041517114
30868,36165,36166,1560,0.12,0.003,110,220,9.04543545075604,48.90296099705386,9.04543545075604,48.90296099705386
30871,34939,34940,1040,0.12,0.003,110,220,10.505499193025514,52.30183792010767,10.505499193025514,52.30183792010767
30873,39457,39458,520,0.12,0.003,110,220,9.726960959542495,54.2909483054181,9.726960959542495,54.2909483054181
30874,34953,34954,520,0.12,0.003,110,220,6.577290606676843,51.55639121872458,6.577290606676843,51.55639121872458
30875,36567,36568,1040,0.12,0.003,110,220,6.920161421361798,49.97058618721199,6.920161421361798,49.97058618721199
30876,39250,39251,780,0.12,0.003,110,220,14.033539122948156,53.50758634532222,14.033539122948156,53.50758634532222
30878,35131,35132,1560,0.12,0.003,110,220,9.196637399889136,48.91294964394958,9.196637399889136,48.91294964394958
30879,36911,36912,1040,0.12,0.003,110,220,13.00276613640534,48.26199911816352,13.00276613640534,48.26199911816352
30880,34818,34819,1040,0.12,0.003,110,220,8.95900945577423,52.278529561469,8.95900945577423,52.278529561469
30881,38971,38972,1560,0.12,0.003,110,220,10.213738841470423,47.93872175518876,10.213738841470423,47.93872175518876
30884,39355,39356,520,0.12,0.003,110,220,6.8124143683267,51.519927845331175,6.8124143683267,51.519927845331175
30885,36036,36037,1040,0.12,0.003,110,220,9.885508871535515,48.30406967249351,9.885508871535515,48.30406967249351
30888,38061,38062,1820,0.12,0.003,110,220,8.50196295274932,49.44495899427859,8.50196295274932,49.44495899427859
30889,35400,35401,260,0.12,0.003,110,220,7.179765081080847,51.5477933774321,7.179765081080847,51.5477933774321
30894,35642,35643,1040,0.12,0.003,110,220,12.213541114842831,54.11198200041447,12.213541114842831,54.11198200041447
30895,36063,36064,520,0.12,0.003,110,220,10.11739845870108,48.89713778809889,10.11739845870108,48.89713778809889
30898,38571,38572,260,0.12,0.003,110,220,7.753495510341047,48.09935573352422,7.753495510341047,48.09935573352422
30900,34807,34808,1040,0.12,0.003,110,220,6.221831906937472,51.69464227886543,6.221831906937472,51.69464227886543
30901,39332,39333,520,0.12,0.003,110,220,9.14525540455062,52.85362749136264,9.14525540455062,52.85362749136264
30902,37489,37490,1560,0.12,0.003,110,220,11.807606343131445,48.4554275398014,11.807606343131445,48.4554275398014
30905,35631,35632,1040,0.12,0.003,110,220,8.248770026745456,48.84633443030695,8.248770026745456,48.84633443030695
30906,34870,34871,2080,0.12,0.003,110,220,8.537219075722877,50.07808506811362,8.537219075722877,50.07808506811362
30907,38519,38520,1040,0.12,0.003,110,220,8.820024908006184,53.10738832342774,8.820024908006184,53.10738832342774
30908,35696,35697,4160,0.12,0.003,110,220,9.918175987686068,52.38000537591712,9.918175987686068,52.38000537591712
30911,38044,38045,1040,0.12,0.003,110,220,7.593298308071136,50.3859466537668,7.593298308071136,50.3859466537668
30915,39282,39283,520,0.12,0.003,110,220,13.305765586233877,52.23079683634844,13.305765586233877,52.23079683634844
30919,35021,35022,1040,0.12,0.003,110,220,10.160303312667772,49.9891567500025,10.160303312667772,49.9891567500025
30922,36392,36393,3640,0.12,0.003,110,220,6.9964592026997074,49.37540332206004,6.9964592026997074,49.37540332206004
30925,37342,37343,520,0.12,0.003,110,220,7.1257288028618,51.44906599034108,7.1257288028618,51.44906599034108
30928,39367,39368,1340,0.12,0.003,110,220,10.08720389319712,52.3167497614755,10.08720389319712,52.3167497614755
30929,35596,35597,1300,0.12,0.003,110,220,6.772521017747271,51.14710319021344,6.772521017747271,51.14710319021344
30931,34763,34764,520,0.12,0.003,110,220,6.9759298273874375,51.037602504526,6.9759298273874375,51.037602504526
31007,35540,35541,1560,0.12,0.003,110,220,10.083751340058903,48.26886749670415,10.083751340058903,48.26886749670415
31011,34768,34769,3640,0.12,0.003,110,220,6.972686737706853,50.79566543063813,6.972686737706853,50.79566543063813
31019,39325,39326,2080,0.12,0.003,110,220,11.32714423418942,49.39400906866628,11.32714423418942,49.39400906866628
31020,34971,34972,520,0.12,0.003,110,220,6.656735259258943,51.37952366107297,6.656735259258943,51.37952366107297
31021,35182,35183,520,0.12,0.003,110,220,11.563143082113276,52.12398883666681,11.563143082113276,52.12398883666681
31022,35895,35896,2600,0.12,0.003,110,220,8.104639054942613,52.26510433428031,8.104639054942613,52.26510433428031
31030,35803,35804,1060,0.12,0.003,110,220,6.732226713227289,51.45939614939377,6.732226713227289,51.45939614939377
31032,34908,34909,3120,0.12,0.003,110,220,11.813244350535175,48.22126387763189,11.813244350535175,48.22126387763189
31033,34842,34843,1820,0.12,0.003,110,220,6.617199413011058,51.4758372811111,6.617199413011058,51.4758372811111
31037,36390,36391,520,0.12,0.003,110,220,10.17982295440994,54.34214523391679,10.17982295440994,54.34214523391679
31038,38898,38899,1040,0.12,0.003,110,220,11.899829255734218,53.40736193472259,11.899829255734218,53.40736193472259
31039,36904,36905,1040,0.12,0.003,110,220,10.319143649800106,47.68273023065868,10.319143649800106,47.68273023065868
31040,37652,37653,2080,0.12,0.003,110,220,7.91073206194393,48.50128781288417,7.91073206194393,48.50128781288417
31042,38021,38022,520,0.12,0.003,110,220,8.737546051399871,51.70014099021845,8.737546051399871,51.70014099021845
31043,35227,35228,800,0.12,0.003,110,220,12.942934968142938,52.56249764066207,12.942934968142938,52.56249764066207
31047,35572,35573,3120,0.12,0.003,110,220,8.251925544047381,47.63976982653161,8.251925544047381,47.63976982653161
31048,35463,35464,560,0.12,0.003,110,220,10.41954069426422,52.23696069492364,10.41954069426422,52.23696069492364
31049,35291,35292,520,0.12,0.003,110,220,9.493408636061735,52.59852308095076,9.493408636061735,52.59852308095076
31050,39264,39265,520,0.12,0.003,110,220,12.519533915607822,51.15742764266873,12.519533915607822,51.15742764266873
31052,37321,37322,520,0.12,0.003,110,220,7.591356543030075,51.928443359523705,7.591356543030075,51.928443359523705
31053,37862,37863,1560,0.12,0.003,110,220,8.547358593021409,49.44021694142026,8.547358593021409,49.44021694142026
31056,35515,35516,260,0.12,0.003,110,220,9.201683603864106,53.89581463975587,9.201683603864106,53.89581463975587
31058,34829,34830,1040,0.12,0.003,110,220,6.828052633409836,51.16264600244351,6.828052633409836,51.16264600244351
31060,34867,34868,1040,0.12,0.003,110,220,8.435130722816417,50.05903583101519,8.435130722816417,50.05903583101519
31062,39404,39405,520,0.12,0.003,110,220,7.172010930846214,51.55492198489481,7.172010930846214,51.55492198489481
31064,35024,35025,1560,0.12,0.003,110,220,8.518881857347319,53.20263529993821,8.518881857347319,53.20263529993821
31066,36322,36323,560,0.12,0.003,110,220,13.710737003499364,48.51930895732773,13.710737003499364,48.51930895732773
31067,36480,36481,1040,0.12,0.003,110,220,9.448953542404029,53.96763393799248,9.448953542404029,53.96763393799248
31070,37176,37177,1040,0.12,0.003,110,220,8.861525797588994,47.80643535473445,8.861525797588994,47.80643535473445
31071,37455,37456,260,0.12,0.003,110,220,11.646043667505122,50.534326600156895,11.646043667505122,50.534326600156895
31073,35360,35361,1560,0.12,0.003,110,220,9.145084451718358,52.85279753984992,9.145084451718358,52.85279753984992
31078,38670,38671,1040,0.12,0.003,110,220,13.762068643432611,52.85253167743176,13.762068643432611,52.85253167743176
31079,39306,39307,2600,0.12,0.003,110,220,7.707251732454117,51.67498467731031,7.707251732454117,51.67498467731031
31082,38047,38048,800,0.12,0.003,110,220,8.626969758306775,49.54353541027121,8.626969758306775,49.54353541027121
31083,34730,34731,1300,0.12,0.003,110,220,8.73513582119104,50.15919158006063,8.73513582119104,50.15919158006063
31084,37925,37926,1040,0.12,0.003,110,220,7.319285805890505,49.30481782437116,7.319285805890505,49.30481782437116
31085,39288,39289,260,0.12,0.003,110,220,11.121629012063108,51.00056065447514,11.121629012063108,51.00056065447514
31091,38835,38836,1040,0.12,0.003,110,220,8.511568709329763,49.29351704676071,8.511568709329763,49.29351704676071
31097,34753,34754,780,0.12,0.003,110,220,9.984058791561043,53.74147911235288,9.984058791561043,53.74147911235288
31099,35037,35038,1820,0.12,0.003,110,220,11.792413892026982,48.83822405035952,11.792413892026982,48.83822405035952
31100,35191,35192,1040,0.12,0.003,110,220,8.628948994818524,51.99359134118354,8.628948994818524,51.99359134118354
31103,35112,35113,1560,0.12,0.003,110,220,10.194933512903972,47.97093690907156,10.194933512903972,47.97093690907156
31104,37027,37028,520,0.12,0.003,110,220,11.810849310920409,50.18370902131012,11.810849310920409,50.18370902131012
31110,35621,35622,520,0.12,0.003,110,220,8.474707083954415,53.42865120708045,8.474707083954415,53.42865120708045
31117,37960,37961,2080,0.12,0.003,110,220,10.734669450629,51.44018679097661,10.734669450629,51.44018679097661
31118,36619,36620,1560,0.12,0.003,110,220,12.13019065230485,47.91316548724679,12.13019065230485,47.91316548724679
31119,34928,34929,1070,0.12,0.003,110,220,6.569989726549341,51.049032103693534,6.569989726549341,51.049032103693534
31121,39100,39101,520,0.12,0.003,110,220,9.895526646779569,52.36066824289711,9.895526646779569,52.36066824289711
31123,35365,35366,260,0.12,0.003,110,220,9.113284847390236,52.543851849434965,9.113284847390236,52.543851849434965
31124,37529,37530,1860,0.12,0.003,110,220,13.710001853833573,52.53916797794064,13.710001853833573,52.53916797794064
31126,36095,36096,540,0.12,0.003,110,220,7.709038739055081,51.67646671921386,7.709038739055081,51.67646671921386
31129,35002,35003,2600,0.12,0.003,110,220,7.505982918763768,51.4016067641739,7.505982918763768,51.4016067641739
31133,35331,35332,3120,0.12,0.003,110,220,7.264078945443217,51.57357484256442,7.264078945443217,51.57357484256442
31135,35878,35879,2340,0.12,0.003,110,220,6.787529932227503,51.50554942659926,6.787529932227503,51.50554942659926
31137,37611,37612,1040,0.12,0.003,110,220,9.091835332635767,49.29461883180298,9.091835332635767,49.29461883180298
31142,35165,35166,520,0.12,0.003,110,220,9.887472806812662,52.49449476432826,9.887472806812662,52.49449476432826
31144,35676,35677,280,0.12,0.003,110,220,8.349126149166882,49.01305215600321,8.349126149166882,49.01305215600321
31145,34795,34796,1560,0.12,0.003,110,220,13.506126732170538,52.473824771700336,13.506126732170538,52.473824771700336
31147,35712,35713,1300,0.12,0.003,110,220,8.307759802756838,52.34563594954145,8.307759802756838,52.34563594954145
31150,38642,38643,1040,0.12,0.003,110,220,9.387640755119856,51.64073490727583,9.387640755119856,51.64073490727583
31153,39387,39388,1040,0.12,0.003,110,220,6.674733402324989,51.32487098204058,6.674733402324989,51.32487098204058
31154,37664,37665,3380,0.12,0.003,110,220,8.588596425193431,49.81563371573577,8.588596425193431,49.81563371573577
31157,37821,37822,1040,0.12,0.003,110,220,7.792325581776897,49.81051622991459,7.792325581776897,49.81051622991459
31158,39440,39441,550,0.12,0.003,110,220,10.760835327266625,53.90974536547805,10.760835327266625,53.90974536547805
31161,37608,37609,520,0.12,0.003,110,220,11.123140782291909,50.9985213554333,11.123140782291909,50.9985213554333
31163,35134,35135,520,0.12,0.003,110,220,9.190792677545476,48.91441508696246,9.190792677545476,48.91441508696246
31165,36192,36193,2080,0.12,0.003,110,220,10.734635272043953,51.441298010190735,10.734635272043953,51.441298010190735
31167,34955,34956,260,0.12,0.003,110,220,6.61427858935133,51.61867882622453,6.61427858935133,51.61867882622453
31168,37474,37475,2080,0.12,0.003,110,220,7.937972066256774,51.01064209231985,7.937972066256774,51.01064209231985
31170,39471,39472,1060,0.12,0.003,110,220,8.052012197053083,53.33307136740971,8.052012197053083,53.33307136740971
31173,34787,34788,260,0.12,0.003,110,220,7.037619941130347,51.598549644171534,7.037619941130347,51.598549644171534
31174,37692,37693,800,0.12,0.003,110,220,8.542481126864262,50.09598837307584,8.542481126864262,50.09598837307584
31176,39000,39001,260,0.12,0.003,110,220,7.175168950000001,51.48233625,7.175168950000001,51.48233625
31268,39469,39470,2080,0.12,0.003,110,220,8.052627229803113,53.334960837497285,8.052627229803113,53.334960837497285
31271,36578,36579,260,0.12,0.003,110,220,7.1793735139746016,51.47220069994448,7.1793735139746016,51.47220069994448
31273,34949,34950,780,0.12,0.003,110,220,7.445069349671845,51.61850011519324,7.445069349671845,51.61850011519324
31274,35071,35072,1560,0.12,0.003,110,220,13.103168324093213,48.66682263363442,13.103168324093213,48.66682263363442
31278,35421,35422,520,0.12,0.003,110,220,7.047357686753464,50.90555952185957,7.047357686753464,50.90555952185957
31281,35633,35634,1560,0.12,0.003,110,220,9.378988301493512,48.87981731339044,9.378988301493512,48.87981731339044
31283,37116,37117,520,0.12,0.003,110,220,9.236283991171248,48.92685322608787,9.236283991171248,48.92685322608787
31284,36443,36444,2080,0.12,0.003,110,220,10.362499738474469,47.73865994398617,10.362499738474469,47.73865994398617
31286,35368,35369,2110,0.12,0.003,110,220,12.082217467816522,49.2974951646606,12.082217467816522,49.2974951646606
31288,37937,37938,560,0.12,0.003,110,220,8.663785196240624,49.36008426110293,8.663785196240624,49.36008426110293
31289,36854,36855,1040,0.12,0.003,110,220,6.765974665241079,49.360090778751136,6.765974665241079,49.360090778751136
31290,38027,38028,260,0.12,0.003,110,220,9.07618956433906,49.36343157475147,9.07618956433906,49.36343157475147
31293,35627,35628,1040,0.12,0.003,110,220,6.963319559267124,50.83375047640417,6.963319559267124,50.83375047640417
31294,35049,35050,2600,0.12,0.003,110,220,6.625829004351698,51.26061129810626,6.625829004351698,51.26061129810626
31296,36563,36564,1560,0.12,0.003,110,220,7.278856422837271,51.47223575497564,7.278856422837271,51.47223575497564
31298,35487,35488,1560,0.12,0.003,110,220,9.797336150166112,52.00083922200656,9.797336150166112,52.00083922200656
31299,38578,38579,520,0.12,0.003,110,220,10.412930612946171,52.15877895423594,10.412930612946171,52.15877895423594
31300,38512,38513,780,0.12,0.003,110,220,8.490323930839333,49.44892510892432,8.490323930839333,49.44892510892432
31304,38117,38118,800,0.12,0.003,110,220,14.268638974984714,53.09783446837545,14.268638974984714,53.09783446837545
31311,35616,35617,780,0.12,0.003,110,220,12.187783572738413,53.81650473574705,12.187783572738413,53.81650473574705
31313,35085,35086,520,0.12,0.003,110,220,7.03701796109744,51.54073746867599,7.03701796109744,51.54073746867599
31318,35688,35689,1560,0.12,0.003,110,220,8.64160594977051,48.89010574677642,8.64160594977051,48.89010574677642
31321,35593,35594,1040,0.12,0.003,110,220,8.679332196509403,49.973843230997886,8.679332196509403,49.973843230997886
31322,34759,34760,3660,0.12,0.003,110,220,6.965533742474561,51.06993601928015,6.965533742474561,51.06993601928015
31324,36931,36932,2080,0.12,0.003,110,220,6.723767180276212,51.35565439330544,6.723767180276212,51.35565439330544
31325,35140,35141,520,0.12,0.003,110,220,8.702218487068027,51.736352600924384,8.702218487068027,51.736352600924384
31328,34886,34887,1040,0.12,0.003,110,220,9.821583888142673,52.42485528793159,9.821583888142673,52.42485528793159
31329,34835,34836,2080,0.12,0.003,110,220,8.77224242774012,49.97455267991119,8.77224242774012,49.97455267991119
31331,36580,36581,520,0.12,0.003,110,220,7.180005676045837,51.47494727152525,7.180005676045837,51.47494727152525
31332,38639,38640,1300,0.12,0.003,110,220,10.087649794874086,52.31512566651798,10.087649794874086,52.31512566651798
31333,34809,34810,3640,0.12,0.003,110,220,6.804550264468851,50.96624767849495,6.804550264468851,50.96624767849495
31335,39466,39467,260,0.12,0.003,110,220,8.053978897380992,53.33175068895626,8.053978897380992,53.33175068895626
31338,37637,37638,520,0.12,0.003,110,220,6.620535841524454,49.74893880790242,6.620535841524454,49.74893880790242
31339,34925,34926,260,0.12,0.003,110,220,8.659610012459455,52.00034857382484,8.659610012459455,52.00034857382484
31341,35690,35691,1300,0.12,0.003,110,220,6.664781482352115,50.9883810614097,6.664781482352115,50.9883810614097
31342,36666,36667,1590,0.12,0.003,110,220,6.773210913026517,49.29108364341995,6.773210913026517,49.29108364341995
31344,35453,35454,1040,0.12,0.003,110,220,7.725695780283424,52.27718649503925,7.725695780283424,52.27718649503925
31346,34888,34889,2860,0.12,0.003,110,220,8.873006663494662,50.13085458638211,8.873006663494662,50.13085458638211
31347,38821,38822,2080,0.12,0.003,110,220,7.449489147076842,50.4025303263638,7.449489147076842,50.4025303263638
31350,34742,34743,2600,0.12,0.003,110,220,11.37041362990128,48.29149077431964,11.37041362990128,48.29149077431964
31356,38145,38146,520,0.12,0.003,110,220,12.477264703550642,50.75311281698494,12.477264703550642,50.75311281698494
31357,35167,35168,1600,0.12,0.003,110,220,8.085650634424173,53.605834221067866,8.085650634424173,53.605834221067866
31358,36828,36829,1560,0.12,0.003,110,220,7.985069668433605,50.84222341097669,7.985069668433605,50.84222341097669
31359,36897,36898,780,0.12,0.003,110,220,8.020290393908654,50.92361692995779,8.020290393908654,50.92361692995779
31364,34778,34779,520,0.12,0.003,110,220,7.095822741107271,50.82688896167826,7.095822741107271,50.82688896167826
31184,34765,34766,520,0.12,0.003,110,220,6.842650702727906,50.86353852296158,6.842650702727906,50.86353852296158
31267,36909,36910,1040,0.12,0.003,110,220,12.747905506103958,48.14868539336393,12.747905506103958,48.14868539336393
31264,35437,35438,280,0.12,0.003,110,220,8.060057023046394,53.62020262000408,8.060057023046394,53.62020262000408
31262,39327,39328,260,0.12,0.003,110,220,9.250434911442971,53.11499931513949,9.250434911442971,53.11499931513949
31260,35574,35575,2080,0.12,0.003,110,220,8.2588276632644,47.63420888668645,8.2588276632644,47.63420888668645
31256,39137,39138,1560,0.12,0.003,110,220,9.882236528721029,51.51543259723413,9.882236528721029,51.51543259723413
31250,39345,39346,1040,0.12,0.003,110,220,7.011600422827155,52.17763913797469,7.011600422827155,52.17763913797469
31246,38137,38138,520,0.12,0.003,110,220,9.56710207045271,51.32525735500083,9.56710207045271,51.32525735500083
31245,37977,37978,260,0.12,0.003,110,220,8.147837119262814,53.56354694125226,8.147837119262814,53.56354694125226
31243,34756,34757,1040,0.12,0.003,110,220,6.93491992733071,51.03353846047781,6.93491992733071,51.03353846047781
31241,34874,34875,1040,0.12,0.003,110,220,9.522576021806705,52.36040907576735,9.522576021806705,52.36040907576735
31238,37120,37121,520,0.12,0.003,110,220,10.420389504388924,52.165200379682666,10.420389504388924,52.165200379682666
31237,38667,38668,1040,0.12,0.003,110,220,8.814007725393187,51.98343832589758,8.814007725393187,51.98343832589758
31235,39135,39136,1040,0.12,0.003,110,220,9.88352459579955,51.51557462115947,9.88352459579955,51.51557462115947
31231,35390,35391,520,0.12,0.003,110,220,12.11438092678556,49.63110584983995,12.11438092678556,49.63110584983995
31230,39238,39239,1560,0.12,0.003,110,220,13.707028804050216,52.54032503768827,13.707028804050216,52.54032503768827
31226,36077,36078,1040,0.12,0.003,110,220,8.958708591309906,50.08260779176915,8.958708591309906,50.08260779176915
31225,39407,39408,520,0.12,0.003,110,220,13.003143722076992,50.86597788089823,13.003143722076992,50.86597788089823
31224,35570,35571,520,0.12,0.003,110,220,9.012744549359123,47.844641888769054,9.012744549359123,47.844641888769054
31222,37758,37759,780,0.12,0.003,110,220,8.41937316081906,49.63371907557302,8.41937316081906,49.63371907557302
31221,39313,39314,1040,0.12,0.003,110,220,9.988549942726362,53.766911518972286,9.988549942726362,53.766911518972286
31220,38029,38030,520,0.12,0.003,110,220,8.566855442106691,49.52382573348911,8.566855442106691,49.52382573348911
31218,38092,38093,820,0.12,0.003,110,220,12.242788314127916,50.56842168950337,12.242788314127916,50.56842168950337
31215,34916,34917,1560,0.12,0.003,110,220,11.293842893892116,48.05187203363804,11.293842893892116,48.05187203363804
31207,34963,34964,2860,0.12,0.003,110,220,6.715197472199203,51.52680805339451,6.715197472199203,51.52680805339451
31202,37813,37814,1560,0.12,0.003,110,220,6.47506298271469,49.92260878546448,6.47506298271469,49.92260878546448
31201,39272,39273,780,0.12,0.003,110,220,13.0792365937709,54.28475789860841,13.0792365937709,54.28475789860841
31199,37840,37841,3660,0.12,0.003,110,220,7.863784835138322,50.76810526070061,7.863784835138322,50.76810526070061
31195,35006,35007,520,0.12,0.003,110,220,8.389618629206485,49.98247934596147,8.389618629206485,49.98247934596147
31194,37854,37855,520,0.12,0.003,110,220,8.352307897101722,49.42127415266795,8.352307897101722,49.42127415266795
31191,34957,34958,2600,0.12,0.003,110,220,6.680791090181257,51.64632662719794,6.680791090181257,51.64632662719794
31188,36080,36081,780,0.12,0.003,110,220,8.954644163142357,50.08601575066757,8.954644163142357,50.08601575066757
31186,35171,35172,1560,0.12,0.003,110,220,11.639147591424257,52.26896991806888,11.639147591424257,52.26896991806888
30827,37935,37936,780,0.12,0.003,110,220,12.0455074581838,50.78094886931935,12.0455074581838,50.78094886931935
30829,35469,35470,560,0.12,0.003,110,220,13.956826534077685,53.252375027293134,13.956826534077685,53.252375027293134
30831,39286,39287,1040,0.12,0.003,110,220,10.642198321471088,53.91873931118628,10.642198321471088,53.91873931118628
30832,39320,39321,2860,0.12,0.003,110,220,8.931484042273178,52.19315479134929,8.931484042273178,52.19315479134929
30836,36082,36083,520,0.12,0.003,110,220,7.012850436235672,50.61770844908924,7.012850436235672,50.61770844908924
30838,36349,36350,1040,0.12,0.003,110,220,7.72438409084354,51.40933415630268,7.72438409084354,51.40933415630268
30840,35017,35018,520,0.12,0.003,110,220,10.843105595807904,49.37870895490451,10.843105595807904,49.37870895490451
30842,36530,36531,2080,0.12,0.003,110,220,7.308241793856218,52.47679095339883,7.308241793856218,52.47679095339883
30845,35046,35047,1820,0.12,0.003,110,220,11.50775232725622,48.761130610523466,11.50775232725622,48.761130610523466
30847,35100,35101,1560,0.12,0.003,110,220,9.425344076806477,48.06443972511009,9.425344076806477,48.06443972511009
30849,37338,37339,3120,0.12,0.003,110,220,9.249511097600768,53.11377011851981,9.249511097600768,53.11377011851981
30850,35305,35306,520,0.12,0.003,110,220,10.369230156474622,52.16709245014045,10.369230156474622,52.16709245014045
30852,35276,35277,3120,0.12,0.003,110,220,6.7097559467998105,51.090932471999935,6.7097559467998105,51.090932471999935
30855,37920,37921,1560,0.12,0.003,110,220,7.215859571736492,51.22093141976519,7.215859571736492,51.22093141976519
30856,34825,34826,1560,0.12,0.003,110,220,12.469652165337129,51.37167176390963,12.469652165337129,51.37167176390963
30932,35433,35434,520,0.12,0.003,110,220,12.150406582428245,49.01275130735531,12.150406582428245,49.01275130735531
30935,37017,37018,520,0.12,0.003,110,220,6.5424084670371805,51.29944584737244,6.5424084670371805,51.29944584737244
30937,36731,36732,2340,0.12,0.003,110,220,7.751862552442653,48.09640574882996,7.751862552442653,48.09640574882996
30939,37602,37603,1040,0.12,0.003,110,220,9.694754670345748,49.232812253259965,9.694754670345748,49.232812253259965
30941,35285,35286,1040,0.12,0.003,110,220,9.988361727823069,53.765936154720805,9.988361727823069,53.765936154720805
30944,37816,37817,1560,0.12,0.003,110,220,6.702285455777259,49.82899444427284,6.702285455777259,49.82899444427284
30950,39434,39435,520,0.12,0.003,110,220,11.636586519645238,52.2669680548936,11.636586519645238,52.2669680548936
30951,35052,35053,1560,0.12,0.003,110,220,6.329986497836473,51.242933541196,6.329986497836473,51.242933541196
30952,35320,35321,260,0.12,0.003,110,220,8.932880076577137,52.19344813112031,8.932880076577137,52.19344813112031
30953,34947,34948,2080,0.12,0.003,110,220,7.522337661750732,51.53217387708722,7.522337661750732,51.53217387708722
30954,35065,35066,1320,0.12,0.003,110,220,6.926758989258765,51.49920569667793,6.926758989258765,51.49920569667793
30958,35962,35963,2080,0.12,0.003,110,220,14.27065698816345,53.0960179911851,14.27065698816345,53.0960179911851
30959,38884,38885,520,0.12,0.003,110,220,7.477410907544958,51.616409162285336,7.477410907544958,51.616409162285336
30960,38986,38987,520,0.12,0.003,110,220,7.207319266495816,53.34145432468653,7.207319266495816,53.34145432468653
30961,35042,35043,2080,0.12,0.003,110,220,9.59431930875664,49.79842591684853,9.59431930875664,49.79842591684853
30962,39214,39215,520,0.12,0.003,110,220,12.940597003468826,52.56101411828772,12.940597003468826,52.56101411828772
30963,37347,37348,1040,0.12,0.003,110,220,6.868911667667838,51.44692875399185,6.868911667667838,51.44692875399185
30964,36866,36867,1040,0.12,0.003,110,220,7.240374772306966,49.35764976438088,7.240374772306966,49.35764976438088
30966,37493,37494,1040,0.12,0.003,110,220,11.326780376177682,49.39299819075278,11.326780376177682,49.39299819075278
30969,36299,36300,1840,0.12,0.003,110,220,6.800926567669436,51.122741406475456,6.800926567669436,51.122741406475456
30971,35223,35224,1560,0.12,0.003,110,220,10.1562825085559,54.275548275875565,10.1562825085559,54.275548275875565
30975,35946,35947,1040,0.12,0.003,110,220,8.120596018028706,48.70536875161513,8.120596018028706,48.70536875161513
30976,36542,36543,2080,0.12,0.003,110,220,7.167956726297298,51.38931989154419,7.167956726297298,51.38931989154419
30980,39187,39188,520,0.12,0.003,110,220,10.1973800566924,50.028454416764,10.1973800566924,50.028454416764
30982,38042,38043,520,0.12,0.003,110,220,8.953681265305274,49.56744320099945,8.953681265305274,49.56744320099945
30983,34751,34752,800,0.12,0.003,110,220,6.851690333186563,50.98414694561534,6.851690333186563,50.98414694561534
30986,39210,39211,520,0.12,0.003,110,220,13.304414531390682,52.231687845001886,13.304414531390682,52.231687845001886
30988,35805,35806,2600,0.12,0.003,110,220,6.722615253862088,51.479809564218,6.722615253862088,51.479809564218
30989,36218,36219,520,0.12,0.003,110,220,8.673717359625044,49.29043940679095,8.673717359625044,49.29043940679095
30992,35385,35386,2600,0.12,0.003,110,220,7.0602217221226224,51.6963974773687,7.0602217221226224,51.6963974773687
30995,35558,35559,1040,0.12,0.003,110,220,9.64534106910629,47.74459749311034,9.64534106910629,47.74459749311034
30998,37825,37826,1040,0.12,0.003,110,220,7.729027530463336,49.48275269326087,7.729027530463336,49.48275269326087
31000,36316,36317,1040,0.12,0.003,110,220,8.082130119034636,52.858428299535404,8.082130119034636,52.858428299535404
31001,36632,36633,2080,0.12,0.003,110,220,12.220835400057924,48.585732999035706,12.220835400057924,48.585732999035706
31002,36296,36297,1580,0.12,0.003,110,220,6.801901926183781,51.12493154312898,6.801901926183781,51.12493154312898
31004,35765,35766,1560,0.12,0.003,110,220,7.224238437060015,53.349927157146816,7.224238437060015,53.349927157146816
31006,36672,36673,1040,0.12,0.003,110,220,7.706358407982934,51.278581814675846,7.706358407982934,51.278581814675846
31178,35678,35679,2080,0.12,0.003,110,220,12.517063548402716,51.15625143714208,12.517063548402716,51.15625143714208
31179,34771,34772,3120,0.12,0.003,110,220,7.192410168463042,50.79890016560991,7.192410168463042,50.79890016560991
31182,38647,38648,1560,0.12,0.003,110,220,8.27297151133573,49.02903286067964,8.27297151133573,49.02903286067964
31183,35672,35673,2080,0.12,0.003,110,220,8.445537986650011,48.98608927285565,8.445537986650011,48.98608927285565
31015,34861,34862,10740,0.12,0.003,110,380,10.159643549175584,53.55536447209872,10.159643549175584,53.55536447209872
31031,39280,39281,3380,0.12,0.003,110,380,10.378587794340874,53.22033533958991,10.378587794340874,53.22033533958991
31035,35204,35205,1560,0.12,0.003,110,380,7.136855967198002,50.642920980893024,7.136855967198002,50.642920980893024
31257,36061,36062,1790,0.12,0.003,110,380,8.465429838607749,48.04352365086102,8.465429838607749,48.04352365086102
31258,39304,39305,260,0.12,0.003,110,380,7.034688605267841,52.2015737266484,7.034688605267841,52.2015737266484
31259,39229,39230,280,0.12,0.003,110,380,12.10947649024139,53.24972122069687,12.10947649024139,53.24972122069687
31265,34913,34914,1820,0.12,0.003,110,380,8.571446947612303,52.10524367214454,8.571446947612303,52.10524367214454
31266,38598,38599,1790,0.12,0.003,110,380,8.562143633802602,49.13293039733935,8.562143633802602,49.13293039733935
31269,36118,36119,1820,0.12,0.003,110,380,8.872879113129237,48.31008720391446,8.872879113129237,48.31008720391446
31270,36943,36944,2340,0.12,0.003,110,380,7.233199543289642,51.23251323261813,7.233199543289642,51.23251323261813
31276,39330,39331,780,0.12,0.003,110,380,9.253227136428483,53.11481546611161,9.253227136428483,53.11481546611161
31277,37062,37063,520,0.12,0.003,110,380,6.61236591482223,51.03594909098502,6.61236591482223,51.03594909098502
31279,36232,36233,280,0.12,0.003,110,380,13.315526973895215,52.52200485664736,13.315526973895215,52.52200485664736
31280,35162,35163,1820,0.12,0.003,110,380,9.704218918217537,48.46497566102824,9.704218918217537,48.46497566102824
31282,35151,35152,2600,0.12,0.003,110,380,9.40058183329796,48.666967387443776,9.40058183329796,48.666967387443776
31292,37687,37688,2080,0.12,0.003,110,380,9.774150580638905,50.528749381145,9.774150580638905,50.528749381145
31295,36184,36185,2080,0.12,0.003,110,380,8.695160795744286,53.092536124483786,8.695160795744286,53.092536124483786
31297,35035,35036,1300,0.12,0.003,110,380,10.664447302672334,49.98003850242095,10.664447302672334,49.98003850242095
31301,35683,35684,1560,0.12,0.003,110,380,8.403502360406838,52.609076012159576,8.403502360406838,52.609076012159576
31303,38628,38629,1790,0.12,0.003,110,380,8.894183914081816,52.56415396015578,8.894183914081816,52.56415396015578
31306,38615,38616,780,0.12,0.003,110,380,8.308325619494957,49.25702311233652,8.308325619494957,49.25702311233652
31307,35940,35941,2340,0.12,0.003,110,380,8.471763441204743,50.09732020188087,8.471763441204743,50.09732020188087
31308,34895,34896,1400,0.12,0.003,110,380,11.44077946539582,48.17180539178557,11.44077946539582,48.17180539178557
31309,39416,39417,3200,0.12,0.003,110,380,11.1950851186441,50.16245798450917,11.1950851186441,50.16245798450917
31310,36816,36817,260,0.12,0.003,110,380,10.391776094515746,48.51846091034118,10.391776094515746,48.51846091034118
31314,36457,36458,520,0.12,0.003,110,380,14.946482010310024,51.06257706569988,14.946482010310024,51.06257706569988
31315,36478,36479,3580,0.12,0.003,110,380,6.996068915585992,51.514169608305,6.996068915585992,51.514169608305
31316,36662,36663,260,0.12,0.003,110,380,7.54306143783747,51.453228088921314,7.54306143783747,51.453228088921314
31317,39393,39394,520,0.12,0.003,110,380,14.000013746932948,51.64032200260337,14.000013746932948,51.64032200260337
31319,36613,36614,520,0.12,0.003,110,380,10.802358019135408,53.89754740235389,10.802358019135408,53.89754740235389
31327,34910,34911,2160,0.12,0.003,110,380,13.469457177729073,52.52194787429576,13.469457177729073,52.52194787429576
31337,37770,37771,260,0.12,0.003,110,380,7.746792537377239,52.28851152401303,7.746792537377239,52.28851152401303
31349,39276,39277,1040,0.12,0.003,110,380,8.868321583057686,54.79472598932074,8.868321583057686,54.79472598932074
31353,38860,38861,1040,0.12,0.003,110,380,12.337422954113396,51.19696836412668,12.337422954113396,51.19696836412668
31354,38901,38902,260,0.12,0.003,110,380,13.263520371739556,52.99408435930024,13.263520371739556,52.99408435930024
31360,36146,36147,1820,0.12,0.003,110,380,9.850759391412176,51.64914224419812,9.850759391412176,51.64914224419812
31361,35117,35118,1560,0.12,0.003,110,380,9.151534803961765,49.14361821427335,9.151534803961765,49.14361821427335
31363,36066,36067,520,0.12,0.003,110,380,6.813684274912364,49.72483416686433,6.813684274912364,49.72483416686433
31365,36642,36643,260,0.12,0.003,110,380,12.851784078347348,48.763285409713,12.851784078347348,48.763285409713
30933,38672,38673,1560,0.12,0.003,110,380,9.10971052895473,53.97219445662381,9.10971052895473,53.97219445662381
30934,35586,35587,520,0.12,0.003,110,380,9.944479692842846,49.57833787043628,9.944479692842846,49.57833787043628
30936,36133,36134,3380,0.12,0.003,110,380,7.718581309704604,51.53421023069502,7.718581309704604,51.53421023069502
30938,37933,37934,4680,0.12,0.003,110,380,9.259408693957011,51.060624165291934,9.259408693957011,51.060624165291934
30942,35145,35146,1560,0.12,0.003,110,380,6.216193010895056,50.91236183485132,6.216193010895056,50.91236183485132
30943,36622,36623,2860,0.12,0.003,110,380,10.863761675309991,48.54682313334514,10.863761675309991,48.54682313334514
30945,39296,39297,260,0.12,0.003,110,380,10.386350947947534,51.00214825938572,10.386350947947534,51.00214825938572
30946,35029,35030,1560,0.12,0.003,110,380,11.193166069042071,50.16207719805994,11.193166069042071,50.16207719805994
30947,38796,38797,560,0.12,0.003,110,380,7.69254193516542,50.0262158453021,7.69254193516542,50.0262158453021
30948,34937,34938,1080,0.12,0.003,110,380,10.235863189815383,52.29345957007336,10.235863189815383,52.29345957007336
30949,39216,39217,520,0.12,0.003,110,380,13.49555751135716,52.58991278931928,13.49555751135716,52.58991278931928
30956,36124,36125,2080,0.12,0.003,110,380,8.211831858901517,51.17798961157128,8.211831858901517,51.17798961157128
30957,39262,39263,1820,0.12,0.003,110,380,12.261947564278712,51.74088636647456,12.261947564278712,51.74088636647456
30967,39292,39293,3680,0.12,0.003,110,380,9.38902645662256,52.0256892223463,9.38902645662256,52.0256892223463
30968,37970,37971,1040,0.12,0.003,110,380,13.38333376460052,51.35560749052296,13.38333376460052,51.35560749052296
30972,35524,35525,2600,0.12,0.003,110,380,9.2743138101123,48.54986298266464,9.2743138101123,48.54986298266464
30973,37681,37682,260,0.12,0.003,110,380,11.470685901389547,50.93012903334065,11.470685901389547,50.93012903334065
30978,35154,35155,1040,0.12,0.003,110,380,6.948210986686621,51.44457590187463,6.948210986686621,51.44457590187463
30981,38612,38613,1560,0.12,0.003,110,380,9.08737450906242,54.00357519373463,9.08737450906242,54.00357519373463
30984,39233,39234,1560,0.12,0.003,110,380,11.726902044990078,52.56955253168287,11.726902044990078,52.56955253168287
30985,38942,38943,2080,0.12,0.003,110,380,9.051183241890593,54.162187425794144,9.051183241890593,54.162187425794144
30991,35158,35159,3640,0.12,0.003,110,380,8.364229613135501,51.92712241754143,8.364229613135501,51.92712241754143
30994,39294,39295,1580,0.12,0.003,110,380,9.51486055389124,51.259120705222,9.51486055389124,51.259120705222
31005,38365,38366,1790,0.12,0.003,110,380,7.815993836091339,49.92211102637183,7.815993836091339,49.92211102637183
31009,35103,35104,1300,0.12,0.003,110,380,9.77599214691142,53.69067042457491,9.77599214691142,53.69067042457491
31013,36404,36405,1820,0.12,0.003,110,380,9.089693390602578,49.96849688108829,9.089693390602578,49.96849688108829
31014,37218,37219,2080,0.12,0.003,110,380,7.008732248090391,51.174179130044365,7.008732248090391,51.174179130044365
31016,39278,39279,520,0.12,0.003,110,380,13.174668468897462,53.62359937452192,13.174668468897462,53.62359937452192
31017,36365,36366,520,0.12,0.003,110,380,14.604063704993656,52.1748338182855,14.604063704993656,52.1748338182855
31018,34931,34932,1790,0.12,0.003,110,380,6.167365723785744,50.80206450729572,6.167365723785744,50.80206450729572
31024,37281,37282,520,0.12,0.003,110,380,10.187883452706172,49.98122647392116,10.187883452706172,49.98122647392116
31025,34986,34987,3120,0.12,0.003,110,380,8.480096551898026,50.59095399469478,8.480096551898026,50.59095399469478
31026,34791,34792,520,0.12,0.003,110,380,9.215810063326304,48.85227302867778,9.215810063326304,48.85227302867778
31027,35174,35175,2600,0.12,0.003,110,380,10.999333070802129,52.20014201460458,10.999333070802129,52.20014201460458
31253,34738,34739,3120,0.12,0.003,110,380,9.908850396108344,53.48804857010377,9.908850396108344,53.48804857010377
31255,35653,35654,260,0.12,0.003,110,380,7.353019672408014,51.57582114241907,7.353019672408014,51.57582114241907
30921,39120,39121,260,0.12,0.003,110,380,7.278589348573849,52.31942225509948,7.278589348573849,52.31942225509948
30924,39225,39226,1040,0.12,0.003,110,380,14.428223938673955,51.88887761666467,14.428223938673955,51.88887761666467
30927,34988,34989,1300,0.12,0.003,110,380,8.28495248633715,50.75923398502236,8.28495248633715,50.75923398502236
30930,35800,35801,2600,0.12,0.003,110,380,7.315599095420151,51.445497115425226,7.315599095420151,51.445497115425226
31036,38587,38588,260,0.12,0.003,110,380,8.30046883802846,52.384551125831,8.30046883802846,52.384551125831
31041,34975,34976,1560,0.12,0.003,110,380,8.565213707490974,53.032107804569016,8.565213707490974,53.032107804569016
31045,35206,35207,2880,0.12,0.003,110,380,8.785153771953242,48.5836217465713,8.785153771953242,48.5836217465713
31046,37949,37950,2900,0.12,0.003,110,380,9.513830681321174,51.2589793702805,9.513830681321174,51.2589793702805
31055,34747,34748,3580,0.12,0.003,110,380,13.493782769388146,52.58972495179812,13.493782769388146,52.58972495179812
31059,38917,38918,800,0.12,0.003,110,380,9.077808536774338,54.51120055847426,9.077808536774338,54.51120055847426
31068,35552,35553,2600,0.12,0.003,110,380,10.231565384695111,48.5298362713609,10.231565384695111,48.5298362713609
31069,36121,36122,1300,0.12,0.003,110,380,8.624800567043817,51.42788841483709,8.624800567043817,51.42788841483709
31074,35513,35514,3120,0.12,0.003,110,380,10.840648243415506,48.237958983537,10.840648243415506,48.237958983537
31075,36275,36276,1040,0.12,0.003,110,380,9.377588757620794,48.81260496581382,9.377588757620794,48.81260496581382
31076,35186,35187,1340,0.12,0.003,110,380,6.457675308330967,50.8714464114063,6.457675308330967,50.8714464114063
31080,35212,35213,2600,0.12,0.003,110,380,6.596019852275319,50.95252746961235,6.596019852275319,50.95252746961235
31081,36088,36089,3400,0.12,0.003,110,380,7.9811782300310785,51.673547657751534,7.9811782300310785,51.673547657751534
31087,39253,39254,2080,0.12,0.003,110,380,11.64404738157065,51.908273555634885,11.64404738157065,51.908273555634885
31089,37606,37607,780,0.12,0.003,110,380,8.918544559234197,48.66110745131274,8.918544559234197,48.66110745131274
31092,38939,38940,560,0.12,0.003,110,380,8.294959271351193,49.52442754258792,8.294959271351193,49.52442754258792
31094,35733,35734,1560,0.12,0.003,110,380,7.123079428835018,51.17158511855271,7.123079428835018,51.17158511855271
31095,38890,38891,520,0.12,0.003,110,380,10.150933820209092,49.98205429302684,10.150933820209092,49.98205429302684
31096,39375,39376,1040,0.12,0.003,110,380,6.459980992909126,50.21126387154217,6.459980992909126,50.21126387154217
31101,35494,35495,2600,0.12,0.003,110,380,14.472073973915805,51.55389799665053,14.472073973915805,51.55389799665053
31102,35354,35355,820,0.12,0.003,110,380,13.157894179471862,51.82827155601007,13.157894179471862,51.82827155601007
31106,35472,35473,520,0.12,0.003,110,380,11.37062303275234,53.60070409362848,11.37062303275234,53.60070409362848
31107,36811,36812,1790,0.12,0.003,110,380,7.83856449692764,47.58623990526666,7.83856449692764,47.58623990526666
31108,36022,36023,1300,0.12,0.003,110,380,8.992870608737077,51.34301146956346,8.992870608737077,51.34301146956346
31109,38685,38686,520,0.12,0.003,110,380,9.19743947101909,54.85118880925938,9.19743947101909,54.85118880925938
31112,35792,35793,1850,0.12,0.003,110,380,13.522208516075532,52.5245748519238,13.522208516075532,52.5245748519238
31113,35310,35311,1820,0.12,0.003,110,380,10.378894247753468,53.21941896987637,10.378894247753468,53.21941896987637
31114,39311,39312,3660,0.12,0.003,110,380,9.98632436010763,53.740033045661065,9.98632436010763,53.740033045661065
31116,39308,39309,260,0.12,0.003,110,380,7.708168651526973,51.67767780057307,7.708168651526973,51.67767780057307
31120,39248,39249,1040,0.12,0.003,110,380,10.418299361545682,53.41216549951411,10.418299361545682,53.41216549951411
31122,38111,38112,1850,0.12,0.003,110,380,8.531521376056999,50.04788704539931,8.531521376056999,50.04788704539931
31128,35888,35889,2880,0.12,0.003,110,380,9.371071128030648,48.71909754036557,9.371071128030648,48.71909754036557
31131,39231,39232,780,0.12,0.003,110,380,13.143224660712638,53.90779757419615,13.143224660712638,53.90779757419615
31132,38624,38625,520,0.12,0.003,110,380,8.51555062560662,53.2038908072107,8.51555062560662,53.2038908072107
31134,38837,38838,260,0.12,0.003,110,380,14.13328496543203,52.44279242019697,14.13328496543203,52.44279242019697
31136,37374,37375,2080,0.12,0.003,110,380,6.321686547182551,50.837007553545405,6.321686547182551,50.837007553545405
31140,35815,35816,3580,0.12,0.003,110,380,8.616646665739447,48.06597637258642,8.616646665739447,48.06597637258642
31141,39315,39316,260,0.12,0.003,110,380,8.895627171590714,52.56398997029615,8.895627171590714,52.56398997029615
31143,35955,35956,780,0.12,0.003,110,380,8.319013268377837,52.06589206110445,8.319013268377837,52.06589206110445
31149,38382,38383,520,0.12,0.003,110,380,10.40317855,48.5125164,10.40317855,48.5125164
31152,35341,35342,2080,0.12,0.003,110,380,10.972903959305087,49.55850742412347,10.972903959305087,49.55850742412347
31156,35082,35083,3580,0.12,0.003,110,380,6.868045010993372,51.37447481153728,6.868045010993372,51.37447481153728
31160,38825,38826,520,0.12,0.003,110,380,13.058542254426904,51.79998219082061,13.058542254426904,51.79998219082061
31169,35543,35544,1790,0.12,0.003,110,380,10.40158692055041,48.50992975918763,10.40158692055041,48.50992975918763
31172,39235,39236,780,0.12,0.003,110,380,14.219177398334534,51.12109372719197,14.219177398334534,51.12109372719197
31181,35957,35958,1790,0.12,0.003,110,380,13.537064366075167,52.53746122074575,13.537064366075167,52.53746122074575
31189,39493,39494,780,0.12,0.003,110,380,9.114842769580806,52.545747301708126,9.114842769580806,52.545747301708126
31190,35824,35825,1790,0.12,0.003,110,380,12.789517545549934,50.6272242220944,12.789517545549934,50.6272242220944
31193,36626,36627,1560,0.12,0.003,110,380,10.702732807862391,47.8264605398201,10.702732807862391,47.8264605398201
31197,36100,36101,1790,0.12,0.003,110,380,7.993959170676255,51.82309545032872,7.993959170676255,51.82309545032872
31198,39268,39269,1790,0.12,0.003,110,380,10.76067151725644,52.3682181703225,10.76067151725644,52.3682181703225
31204,37704,37705,520,0.12,0.003,110,380,10.991452474308536,50.57344666551176,10.991452474308536,50.57344666551176
31205,35107,35108,1790,0.12,0.003,110,380,6.300916694699711,50.82893923360612,6.300916694699711,50.82893923360612
31206,38536,38537,260,0.12,0.003,110,380,11.69881987615059,53.57199721184057,11.69881987615059,53.57199721184057
31209,39195,39196,520,0.12,0.003,110,380,9.4342070077791,54.52202374132938,9.4342070077791,54.52202374132938
31210,37295,37296,260,0.12,0.003,110,380,13.25554512389551,50.93018648933236,13.25554512389551,50.93018648933236
31211,35500,35501,1120,0.12,0.003,110,380,13.368653475247408,52.50314751071984,13.368653475247408,52.50314751071984
31212,37626,37627,1560,0.12,0.003,110,380,9.446918747930242,49.59026295314597,9.446918747930242,49.59026295314597
31213,39146,39147,8950,0.12,0.003,110,380,9.988215035677026,51.954230057487926,9.988215035677026,51.954230057487926
31214,36075,36076,800,0.12,0.003,110,380,8.98950736865504,50.060279806954064,8.98950736865504,50.060279806954064
31216,34979,34980,1040,0.12,0.003,110,380,9.501790032393494,53.5428146809263,9.501790032393494,53.5428146809263
31217,35669,35670,520,0.12,0.003,110,380,11.51632471760778,51.58398536185253,11.51632471760778,51.58398536185253
31219,36110,36111,1560,0.12,0.003,110,380,9.228111325885944,51.81245400359607,9.228111325885944,51.81245400359607
31228,35607,35608,2080,0.12,0.003,110,380,9.068813798412616,53.56663513616599,9.068813798412616,53.56663513616599
31233,34793,34794,2340,0.12,0.003,110,380,7.417046808647565,51.457221831935954,7.417046808647565,51.457221831935954
31234,34804,34805,1320,0.12,0.003,110,380,7.1232390742321785,51.52561159741952,7.1232390742321785,51.52561159741952
31236,39257,39258,260,0.12,0.003,110,380,12.7877695971325,50.62710313504474,12.7877695971325,50.62710313504474
31239,39396,39397,800,0.12,0.003,110,380,9.316684944785765,54.727534408512106,9.316684944785765,54.727534408512106
31240,34732,34733,1120,0.12,0.003,110,380,11.639339068563295,48.17869599555631,11.639339068563295,48.17869599555631
31247,38262,38263,1040,0.12,0.003,110,380,7.3113634649269,53.1257663066567,7.3113634649269,53.1257663066567
31252,34945,34946,520,0.12,0.003,110,380,9.39017530620737,52.02668689098181,9.39017530620737,52.02668689098181
31254,35536,35537,2240,0.12,0.003,110,380,13.45643313386508,52.52145796378059,13.45643313386508,52.52145796378059
30826,39122,39123,260,0.12,0.003,110,380,7.194564904714304,52.86984106566871,7.194564904714304,52.86984106566871
30833,39259,39260,260,0.12,0.003,110,380,12.04536935651404,50.78225511147877,12.04536935651404,50.78225511147877
30834,35313,35314,260,0.12,0.003,110,380,10.381345307239464,52.99351221365282,10.381345307239464,52.99351221365282
30835,35927,35928,1820,0.12,0.003,110,380,10.222435812059048,48.73672199846883,10.222435812059048,48.73672199846883
30839,34900,34901,520,0.12,0.003,110,380,8.809949180074577,50.20356237161775,8.809949180074577,50.20356237161775
30844,36334,36335,2340,0.12,0.003,110,380,8.065794350111554,50.40646889792416,8.065794350111554,50.40646889792416
30851,35666,35667,2600,0.12,0.003,110,380,6.53169664529986,50.39004697263438,6.53169664529986,50.39004697263438
30854,35031,35032,1300,0.12,0.003,110,380,11.106891298750485,49.97885035026762,11.106891298750485,49.97885035026762
30863,34893,34894,2080,0.12,0.003,110,380,9.917180765726243,52.27818419861028,9.917180765726243,52.27818419861028
30867,36474,36475,1040,0.12,0.003,110,380,11.852430967430411,53.08686087506882,11.852430967430411,53.08686087506882
30870,35114,35115,1560,0.12,0.003,110,380,7.545853774547605,51.97033431573372,7.545853774547605,51.97033431573372
30872,34941,34942,1820,0.12,0.003,110,380,6.906604094757407,51.56523580430411,6.906604094757407,51.56523580430411
30877,36374,36375,1040,0.12,0.003,110,380,10.936704050591372,48.40129106082084,10.936704050591372,48.40129106082084
30883,35160,35161,1560,0.12,0.003,110,380,9.56282350639599,48.70148986120847,9.56282350639599,48.70148986120847
30887,39412,39413,1820,0.12,0.003,110,380,11.647680674314016,50.53502412215024,11.647680674314016,50.53502412215024
30892,35404,35405,560,0.12,0.003,110,380,9.745926133855464,50.91762571665761,9.745926133855464,50.91762571665761
30893,38432,38433,2080,0.12,0.003,110,380,8.656661696724552,50.60573631256948,8.656661696724552,50.60573631256948
30903,34920,34921,1300,0.12,0.003,110,380,10.761248371477684,52.36745365155272,10.761248371477684,52.36745365155272
30904,36738,36739,1840,0.12,0.003,110,380,6.997243905489623,51.250068215567445,6.997243905489623,51.250068215567445
30909,39242,39243,840,0.12,0.003,110,380,13.842318804824457,50.98949485048541,13.842318804824457,50.98949485048541
30910,39222,39223,780,0.12,0.003,110,380,13.90131317295639,51.87594786466801,13.90131317295639,51.87594786466801
30913,35460,35461,1100,0.12,0.003,110,380,11.894609645338452,51.40652781664028,11.894609645338452,51.40652781664028
30914,34789,34790,800,0.12,0.003,110,380,6.95746462908852,51.02003685496052,6.95746462908852,51.02003685496052
30917,35619,35620,520,0.12,0.003,110,380,12.213671692980029,54.09974495119379,12.213671692980029,54.09974495119379
30918,35033,35034,260,0.12,0.003,110,380,10.836015793654536,49.92806742632903,10.836015793654536,49.92806742632903
30837,36083,36084,520,0.04,0.0005,220,380,7.012850436235672,50.61770844908924,7.012850436235672,50.61770844908924
30846,35047,35048,2080,0.04,0.0005,220,380,11.50775232725622,48.761130610523466,11.50775232725622,48.761130610523466
30848,35101,35102,1560,0.04,0.0005,220,380,9.425344076806477,48.06443972511009,9.425344076806477,48.06443972511009
30858,39301,39302,4160,0.04,0.0005,220,380,9.852928400878314,51.64927355446412,9.852928400878314,51.64927355446412
30882,38972,38973,2080,0.04,0.0005,220,380,10.213738841470423,47.93872175518876,10.213738841470423,47.93872175518876
30886,36037,36038,1040,0.04,0.0005,220,380,9.885508871535515,48.30406967249351,9.885508871535515,48.30406967249351
30890,35401,35402,520,0.04,0.0005,220,380,7.179765081080847,51.5477933774321,7.179765081080847,51.5477933774321
30896,36064,36065,520,0.04,0.0005,220,380,10.11739845870108,48.89713778809889,10.11739845870108,48.89713778809889
30912,38045,38046,1040,0.04,0.0005,220,380,7.593298308071136,50.3859466537668,7.593298308071136,50.3859466537668
30920,35022,35023,1040,0.04,0.0005,220,380,10.160303312667772,49.9891567500025,10.160303312667772,49.9891567500025
30940,37603,37604,1040,0.04,0.0005,220,380,9.694754670345748,49.232812253259965,9.694754670345748,49.232812253259965
30970,36300,36301,5200,0.04,0.0005,220,380,6.800926567669436,51.122741406475456,6.800926567669436,51.122741406475456
30996,35559,35560,1040,0.04,0.0005,220,380,9.64534106910629,47.74459749311034,9.64534106910629,47.74459749311034
30999,37826,37827,1040,0.04,0.0005,220,380,7.729027530463336,49.48275269326087,7.729027530463336,49.48275269326087
31008,35541,35542,1560,0.04,0.0005,220,380,10.083751340058903,48.26886749670415,10.083751340058903,48.26886749670415
31010,36809,36810,520,0.04,0.0005,220,380,7.843441408811978,47.585814095335095,7.843441408811978,47.585814095335095
31029,39245,39246,3120,0.04,0.0005,220,380,12.81442145413348,50.85678022161893,12.81442145413348,50.85678022161893
31054,37863,37864,1560,0.04,0.0005,220,380,8.547358593021409,49.44021694142026,8.547358593021409,49.44021694142026
31061,34868,34869,1040,0.04,0.0005,220,380,8.435130722816417,50.05903583101519,8.435130722816417,50.05903583101519
31063,39405,39406,2600,0.04,0.0005,220,380,7.172010930846214,51.55492198489481,7.172010930846214,51.55492198489481
31065,35025,35026,3640,0.04,0.0005,220,380,8.518881857347319,53.20263529993821,8.518881857347319,53.20263529993821
31072,37456,37457,1100,0.04,0.0005,220,380,11.646043667505122,50.534326600156895,11.646043667505122,50.534326600156895
31044,35228,35229,3580,0.271119,0.003976,220,380,12.942934968142938,52.56249764066207,12.942934968142938,52.56249764066207
31090,39220,39221,1040,0.151905,0.001901,220,380,13.524542279993131,52.53534581236613,13.524542279993131,52.53534581236613
31162,37609,37610,1040,0.237439,0.003446,220,380,11.123140782291909,50.9985213554333,11.123140782291909,50.9985213554333
31312,35617,35618,2600,0.053976,0.000848,220,380,12.187783572738413,53.81650473574705,12.187783572738413,53.81650473574705
30987,39211,39212,520,0.356158,0.005169,220,380,13.304414531390682,52.231687845001886,13.304414531390682,52.231687845001886
31125,37530,37531,10740,0.065914,0.001152,220,380,13.710001853833573,52.53916797794064,13.710001853833573,52.53916797794064
31098,34754,34755,1040,0.279467,0.00411,220,380,9.984058791561043,53.74147911235288,9.984058791561043,53.74147911235288
31051,39265,39266,520,0.128759,0.00167,220,380,12.519533915607822,51.15742764266873,12.519533915607822,51.15742764266873
30853,35277,35278,6240,0.042545,0.000467,220,380,6.7097559467998105,51.090932471999935,6.7097559467998105,51.090932471999935
30866,37353,37354,520,0.023199,0.000322,220,380,7.890386064217829,52.27794041517114,7.890386064217829,52.27794041517114
31088,39322,39323,3580,0.039929,0.000555,220,380,7.888048605195514,52.2775993000819,7.888048605195514,52.2775993000819
30979,36813,36814,4680,0.072058,0.001181,220,380,7.958075914315599,47.5954779452467,7.958075914315599,47.5954779452467
30974,35056,35057,7280,0.035198,0.00047,220,380,6.702194784514054,51.00885986223712,6.702194784514054,51.00885986223712
30843,36531,36532,2600,0.038667,0.000537,220,380,7.308241793856218,52.47679095339883,7.308241793856218,52.47679095339883
31261,35575,35576,2080,0.057475,0.001036,220,380,8.2588276632644,47.63420888668645,8.2588276632644,47.63420888668645
31345,35454,35455,1560,0.032414,0.000433,220,380,7.725695780283424,52.27718649503925,7.725695780283424,52.27718649503925
31003,36297,36298,1790,0.043273,0.000578,220,380,6.801901926183781,51.12493154312898,6.801901926183781,51.12493154312898
30965,36867,36868,1040,0.03099,0.000414,220,380,7.240374772306966,49.35764976438088,7.240374772306966,49.35764976438088
31351,34743,34744,2600,0.149994,0.00194,220,380,11.37041362990128,48.29149077431964,11.37041362990128,48.29149077431964
31208,34964,34965,6240,0.033878,0.000372,220,380,6.715197472199203,51.52680805339451,6.715197472199203,51.52680805339451
30923,36393,36394,3640,0.029332,0.000391,220,380,6.9964592026997074,49.37540332206004,6.9964592026997074,49.37540332206004
31343,36667,36668,1590,0.034529,0.000379,220,380,6.773210913026517,49.29108364341995,6.773210913026517,49.29108364341995
31127,36096,36097,4680,0.034332,0.000372,220,380,7.709038739055081,51.67646671921386,7.709038739055081,51.67646671921386
31227,36078,36079,2080,0.215531,0.003984,220,380,8.958708591309906,50.08260779176915,8.958708591309906,50.08260779176915
31023,35896,35897,1790,0.035837,0.000478,220,380,8.104639054942613,52.26510433428031,8.104639054942613,52.26510433428031
31223,37759,37760,4160,0.036271,0.000515,220,380,8.41937316081906,49.63371907557302,8.41937316081906,49.63371907557302
30862,37835,37836,5200,0.048723,0.00059,220,380,8.313340225406103,49.0090434726611,8.313340225406103,49.0090434726611
31330,34836,34837,2080,0.025142,0.000336,220,380,8.77224242774012,49.97455267991119,8.77224242774012,49.97455267991119
31229,39334,39335,1560,0.264234,0.003433,220,380,8.659214623379532,51.999116957559146,8.659214623379532,51.999116957559146
31340,34926,34927,1560,0.264234,0.003433,220,380,8.659610012459455,52.00034857382484,8.659610012459455,52.00034857382484
31192,34958,34959,3640,0.029332,0.000391,220,380,6.680791090181257,51.64632662719794,6.680791090181257,51.64632662719794
31012,34769,34770,3640,0.039569,0.000434,220,380,6.972686737706853,50.79566543063813,6.972686737706853,50.79566543063813
31175,36687,36688,520,0.012067,0.000118,220,380,10.082130359178707,48.26603782164344,10.082130359178707,48.26603782164344
30869,36166,36167,1560,0.027967,0.000503,220,380,9.04543545075604,48.90296099705386,9.04543545075604,48.90296099705386
30955,35066,35067,3580,0.04304,0.000548,220,380,6.926758989258765,51.49920569667793,6.926758989258765,51.49920569667793
31203,37814,37815,5720,0.065035,0.00072,220,380,6.47506298271469,49.92260878546448,6.47506298271469,49.92260878546448
31034,34843,34844,2080,0.025142,0.000336,220,380,6.617199413011058,51.4758372811111,6.617199413011058,51.4758372811111
31148,35713,35714,1560,0.037713,0.000503,220,380,8.307759802756838,52.34563594954145,8.307759802756838,52.34563594954145
31086,34966,34967,2600,0.04,0.0005,220,380,6.6831070221920825,51.57564552606814,6.6831070221920825,51.57564552606814
31105,37028,37029,520,0.04,0.0005,220,380,11.810849310920409,50.18370902131012,11.810849310920409,50.18370902131012
31130,35003,35004,2600,0.04,0.0005,220,380,7.505982918763768,51.4016067641739,7.505982918763768,51.4016067641739
31138,37612,37613,1040,0.04,0.0005,220,380,9.091835332635767,49.29461883180298,9.091835332635767,49.29461883180298
31139,39180,39181,1560,0.04,0.0005,220,380,9.489805273447082,53.632503575657154,9.489805273447082,53.632503575657154
31155,37665,37666,4160,0.04,0.0005,220,380,8.588596425193431,49.81563371573577,8.588596425193431,49.81563371573577
31164,35135,35136,520,0.04,0.0005,220,380,9.190792677545476,48.91441508696246,9.190792677545476,48.91441508696246
31177,39001,39002,3120,0.04,0.0005,220,380,7.175168950000001,51.48233625,7.175168950000001,51.48233625
31180,34772,34773,1790,0.04,0.0005,220,380,7.192410168463042,50.79890016560991,7.192410168463042,50.79890016560991
31185,34766,34767,520,0.04,0.0005,220,380,6.842650702727906,50.86353852296158,6.842650702727906,50.86353852296158
31196,35007,35008,520,0.04,0.0005,220,380,8.389618629206485,49.98247934596147,8.389618629206485,49.98247934596147
31242,35704,35705,1070,0.04,0.0005,220,380,11.727508020040288,52.5686417742489,11.727508020040288,52.5686417742489
31244,34757,34758,1040,0.04,0.0005,220,380,6.93491992733071,51.03353846047781,6.93491992733071,51.03353846047781
31272,36420,36421,520,0.04,0.0005,220,380,8.519964331830813,50.04935070675726,8.519964331830813,50.04935070675726
31302,39274,39275,3640,0.04,0.0005,220,380,10.368344262460427,52.28463337668946,10.368344262460427,52.28463337668946
30897,38872,38873,3210,0.262493,0.002888,220,380,13.685367373727424,54.1388085028678,13.685367373727424,54.1388085028678
30990,36219,36220,520,0.044775,0.000449,220,380,8.673717359625044,49.29043940679095,8.673717359625044,49.29043940679095
30899,38572,38573,520,0.02433,0.000243,220,380,7.753495510341047,48.09935573352422,7.753495510341047,48.09935573352422
31093,38467,38468,3580,0.057914,0.001234,220,380,8.623206227427923,49.35658185285714,8.623206227427923,49.35658185285714
31275,35072,35073,1560,0.16635,0.002161,220,380,13.103168324093213,48.66682263363442,13.103168324093213,48.66682263363442
30828,35781,35782,550,0.154332,0.001511,220,380,9.725986368902143,54.28780684054939,9.725986368902143,54.28780684054939
31115,35148,35149,1560,0.117575,0.001593,220,380,11.868156805823576,48.20680255923926,11.868156805823576,48.20680255923926
30997,34923,34924,2600,0.149174,0.001941,220,380,10.365338662586144,52.28466156568128,10.365338662586144,52.28466156568128
30860,37541,37542,520,0.142815,0.001996,220,380,11.58137197036542,48.76489385387552,11.58137197036542,48.76489385387552
31232,35391,35392,1560,0.148577,0.001637,220,380,12.11438092678556,49.63110584983995,12.11438092678556,49.63110584983995
30841,35018,35019,4680,0.137395,0.001866,220,380,10.843105595807904,49.37870895490451,10.843105595807904,49.37870895490451
31291,38922,38923,2080,0.144233,0.001324,220,380,7.243348925400632,53.356506750957294,7.243348925400632,53.356506750957294
31287,35369,35370,2110,0.158676,0.001985,220,380,12.082217467816522,49.2974951646606,12.082217467816522,49.2974951646606
31151,38643,38644,1040,0.324161,0.007209,220,380,9.387640755119856,51.64073490727583,9.387640755119856,51.64073490727583
31111,35622,35623,520,0.045423,0.000967,220,380,8.474707083954415,53.42865120708045,8.474707083954415,53.42865120708045
31166,36735,36736,1040,0.424737,0.009281,220,380,9.344001814589827,53.8517774968211,9.344001814589827,53.8517774968211
31171,39472,39473,7800,0.292294,0.006387,220,380,8.052012197053083,53.33307136740971,8.052012197053083,53.33307136740971
31146,35262,35263,2080,0.302414,0.004905,220,380,9.125265746125436,52.53826407510014,9.125265746125436,52.53826407510014
31159,39441,39442,550,0.608304,0.007544,220,380,10.760835327266625,53.90974536547805,10.760835327266625,53.90974536547805
31263,39328,39329,1790,0.198904,0.002064,220,380,9.250434911442971,53.11499931513949,9.250434911442971,53.11499931513949
30891,38960,38961,2080,0.175377,0.003832,220,380,8.06369660088208,53.55580201127511,8.06369660088208,53.55580201127511
31334,34810,34811,7800,0.033878,0.000372,220,380,6.804550264468851,50.96624767849495,6.804550264468851,50.96624767849495
30977,36543,36544,2080,0.03127,0.000441,220,380,7.167956726297298,51.38931989154419,7.167956726297298,51.38931989154419
31348,38822,38823,2080,0.025142,0.000336,220,380,7.449489147076842,50.4025303263638,7.449489147076842,50.4025303263638
31323,34760,34761,12480,0.035183,0.000439,220,380,6.965533742474561,51.06993601928015,6.965533742474561,51.06993601928015
30926,37343,37344,3640,0.034059,0.000473,220,380,7.1257288028618,51.44906599034108,7.1257288028618,51.44906599034108
31200,37841,37842,4680,0.027718,0.000321,220,380,7.863784835138322,50.76810526070061,7.863784835138322,50.76810526070061
30993,35386,35387,2600,0.038053,0.000483,220,380,7.0602217221226224,51.6963974773687,7.0602217221226224,51.6963974773687
31251,39346,39347,1040,0.03709,0.000407,220,380,7.011600422827155,52.17763913797469,7.011600422827155,52.17763913797469
31285,36444,36445,3120,0.033407,0.000446,220,380,10.362499738474469,47.73865994398617,10.362499738474469,47.73865994398617
30916,39283,39284,2630,0.257334,0.003735,220,380,13.305765586233877,52.23079683634844,13.305765586233877,52.23079683634844
31057,35516,35517,520,0.145073,0.001324,220,380,9.201683603864106,53.89581463975587,9.201683603864106,53.89581463975587
31187,35172,35173,1560,0.194159,0.002832,220,380,11.639147591424257,52.26896991806888,11.639147591424257,52.26896991806888
31336,39467,39468,1560,0.04,0.0005,220,380,8.053978897380992,53.33175068895626,8.053978897380992,53.33175068895626
31352,34799,34800,3120,0.04,0.0005,220,380,7.023219288437691,51.62567220148013,7.023219288437691,51.62567220148013
31355,38392,38393,520,0.04,0.0005,220,380,6.842231210471615,50.859864737324976,6.842231210471615,50.859864737324976
31305,38118,38119,1040,0.297655,0.003275,220,380,14.268638974984714,53.09783446837545,14.268638974984714,53.09783446837545
30830,35470,35471,1040,0.04,0.0005,220,380,13.956826534077685,53.252375027293134,13.956826534077685,53.252375027293134
31326,35141,35142,520,0.04,0.0005,220,380,8.702218487068027,51.736352600924384,8.702218487068027,51.736352600924384
