snapshot,n_binding,cost_eur
2025-01-01 00:00:00,1,7966.807
2025-01-01 01:00:00,1,15318.893
2025-01-01 02:00:00,1,12153.246
2025-01-01 03:00:00,1,12293.376
2025-01-01 04:00:00,1,7930.9507
2025-01-01 05:00:00,1,13991.229
2025-01-01 06:00:00,1,27428.295
2025-01-01 07:00:00,1,25587.053
2025-01-01 08:00:00,1,30335.258
2025-01-01 09:00:00,1,37421.215
2025-01-01 10:00:00,1,35715.31
2025-01-01 11:00:00,2,15302.103
2025-01-01 12:00:00,1,33663.78
2025-01-01 13:00:00,1,31923.723
2025-01-01 14:00:00,1,16226.881
2025-01-01 15:00:00,1,14719.052
2025-01-01 16:00:00,1,19016.012
2025-01-01 17:00:00,4,163367.03
2025-01-01 18:00:00,5,525625.94
2025-01-01 19:00:00,0,0.0
2025-01-01 20:00:00,1,650.1968
2025-01-01 21:00:00,0,0.0
2025-01-01 22:00:00,0,0.0
2025-01-01 23:00:00,0,0.0
2025-01-02 00:00:00,0,0.0
2025-01-02 01:00:00,0,0.0
2025-01-02 02:00:00,0,0.0
2025-01-02 03:00:00,0,0.0
2025-01-02 04:00:00,0,0.0
2025-01-02 05:00:00,1,4741.478
2025-01-02 06:00:00,1,9117.645
2025-01-02 07:00:00,5,380546.44
2025-01-02 08:00:00,5,380235.5
2025-01-02 09:00:00,2,1864.3895
2025-01-02 10:00:00,1,8040.8784
2025-01-02 11:00:00,5,48811.39
2025-01-02 12:00:00,1,514.328
2025-01-02 13:00:00,0,0.0
2025-01-02 14:00:00,0,0.0
2025-01-02 15:00:00,2,808.13434
2025-01-02 16:00:00,2,1279.7037
2025-01-02 17:00:00,2,14915.589
2025-01-02 18:00:00,2,46370.97
2025-01-02 19:00:00,2,68376.49
2025-01-02 20:00:00,5,25058.354
2025-01-02 21:00:00,4,23334.676
2025-01-02 22:00:00,4,22012.678
2025-01-02 23:00:00,4,18295.562
2025-01-03 00:00:00,3,11588.436
2025-01-03 01:00:00,3,7117.9307
2025-01-03 02:00:00,4,14627.743
2025-01-03 03:00:00,4,18031.76
2025-01-03 04:00:00,4,16682.443
2025-01-03 05:00:00,6,65380.855
2025-01-03 06:00:00,7,104802.336
2025-01-03 07:00:00,6,86271.195
2025-01-03 08:00:00,7,105394.94
2025-01-03 09:00:00,9,138595.97
2025-01-03 10:00:00,8,89210.19
2025-01-03 11:00:00,8,103917.586
2025-01-03 12:00:00,8,94080.56
2025-01-03 13:00:00,7,82937.26
2025-01-03 14:00:00,5,30221.402
2025-01-03 15:00:00,1,46960.89
2025-01-03 16:00:00,6,35550.88
2025-01-03 17:00:00,2,9376.842
2025-01-03 18:00:00,1,13815.278
2025-01-03 19:00:00,1,15278.191
2025-01-03 20:00:00,1,13914.604
2025-01-03 21:00:00,1,5897.4365
2025-01-03 22:00:00,1,8974.543
2025-01-03 23:00:00,1,16136.024
2025-01-04 00:00:00,1,4995.4272
2025-01-04 01:00:00,1,4580.34
2025-01-04 02:00:00,1,6691.6064
2025-01-04 03:00:00,1,14054.598
2025-01-04 04:00:00,1,19511.879
2025-01-04 05:00:00,1,16461.492
2025-01-04 06:00:00,1,21965.496
2025-01-04 07:00:00,1,14598.775
2025-01-04 08:00:00,1,8446.289
2025-01-04 09:00:00,1,5414.2764
2025-01-04 10:00:00,0,0.0
2025-01-04 11:00:00,0,0.0
2025-01-04 12:00:00,0,0.0
2025-01-04 13:00:00,0,0.0
2025-01-04 14:00:00,0,0.0
2025-01-04 15:00:00,0,0.0
2025-01-04 16:00:00,5,120818.945
2025-01-04 17:00:00,5,387052.38
2025-01-04 18:00:00,5,338780.6
2025-01-04 19:00:00,5,52073.566
2025-01-04 20:00:00,1,18299.256
2025-01-04 21:00:00,1,8665.901
2025-01-04 22:00:00,1,3054.8857
2025-01-04 23:00:00,0,0.0
2025-01-05 00:00:00,1,3382.5073
2025-01-05 01:00:00,0,0.0
2025-01-05 02:00:00,0,0.0
2025-01-05 03:00:00,0,0.0
2025-01-05 04:00:00,0,0.0
2025-01-05 05:00:00,0,0.0
2025-01-05 06:00:00,0,0.0
2025-01-05 07:00:00,0,0.0
2025-01-05 08:00:00,0,0.0
2025-01-05 09:00:00,0,0.0
2025-01-05 10:00:00,0,0.0
2025-01-05 11:00:00,0,0.0
2025-01-05 12:00:00,0,0.0
2025-01-05 13:00:00,0,0.0
2025-01-05 14:00:00,0,0.0
2025-01-05 15:00:00,0,0.0
2025-01-05 16:00:00,0,0.0
2025-01-05 17:00:00,0,0.0
2025-01-05 18:00:00,0,0.0
2025-01-05 19:00:00,0,0.0
2025-01-05 20:00:00,0,0.0
2025-01-05 21:00:00,0,0.0
2025-01-05 22:00:00,0,0.0
2025-01-05 23:00:00,0,0.0
2025-01-06 00:00:00,0,0.0
2025-01-06 01:00:00,1,17463.424
2025-01-06 02:00:00,1,34695.984
2025-01-06 03:00:00,1,13459.991
2025-01-06 04:00:00,0,0.0
2025-01-06 05:00:00,0,0.0
2025-01-06 06:00:00,0,0.0
2025-01-06 07:00:00,0,0.0
2025-01-06 08:00:00,0,0.0
2025-01-06 09:00:00,1,8637.863
2025-01-06 10:00:00,1,23713.988
2025-01-06 11:00:00,1,11521.53
2025-01-06 12:00:00,0,0.0
2025-01-06 13:00:00,0,0.0
2025-01-06 14:00:00,0,0.0
2025-01-06 15:00:00,0,0.0
2025-01-06 16:00:00,0,0.0
2025-01-06 17:00:00,1,8432.762
2025-01-06 18:00:00,1,8539.581
2025-01-06 19:00:00,0,0.0
2025-01-06 20:00:00,0,0.0
2025-01-06 21:00:00,0,0.0
2025-01-06 22:00:00,1,24426.59
2025-01-06 23:00:00,1,8016.6777
2025-01-07 00:00:00,0,0.0
2025-01-07 01:00:00,1,11533.493
2025-01-07 02:00:00,1,33087.297
2025-01-07 03:00:00,1,25287.582
2025-01-07 04:00:00,1,4096.8477
2025-01-07 05:00:00,0,0.0
2025-01-07 06:00:00,1,3849.7695
2025-01-07 07:00:00,1,19453.734
2025-01-07 08:00:00,1,14423.142
2025-01-07 09:00:00,1,3472.6257
2025-01-07 10:00:00,0,0.0
2025-01-07 11:00:00,0,0.0
2025-01-07 12:00:00,0,0.0
2025-01-07 13:00:00,0,0.0
2025-01-07 14:00:00,0,0.0
2025-01-07 15:00:00,1,1271.9651
2025-01-07 16:00:00,1,11290.069
2025-01-07 17:00:00,1,11708.42
2025-01-07 18:00:00,0,0.0
2025-01-07 19:00:00,0,0.0
2025-01-07 20:00:00,0,0.0
2025-01-07 21:00:00,0,0.0
2025-01-07 22:00:00,1,754.364
2025-01-07 23:00:00,0,0.0
2025-01-08 00:00:00,1,16406.738
2025-01-08 01:00:00,1,5471.954
2025-01-08 02:00:00,1,18113.389
2025-01-08 03:00:00,0,0.0
2025-01-08 04:00:00,0,0.0
2025-01-08 05:00:00,0,0.0
2025-01-08 06:00:00,0,0.0
2025-01-08 07:00:00,1,5547.3174
2025-01-08 08:00:00,0,0.0
2025-01-08 09:00:00,0,0.0
2025-01-08 10:00:00,0,0.0
2025-01-08 11:00:00,0,0.0
2025-01-08 12:00:00,0,0.0
2025-01-08 13:00:00,0,0.0
2025-01-08 14:00:00,0,0.0
2025-01-08 15:00:00,0,0.0
2025-01-08 16:00:00,1,1371.6506
2025-01-08 17:00:00,0,0.0
2025-01-08 18:00:00,0,0.0
2025-01-08 19:00:00,0,0.0
2025-01-08 20:00:00,0,0.0
2025-01-08 21:00:00,0,0.0
2025-01-08 22:00:00,0,0.0
2025-01-08 23:00:00,0,0.0
2025-01-09 00:00:00,0,0.0
2025-01-09 01:00:00,0,0.0
2025-01-09 02:00:00,0,0.0
2025-01-09 03:00:00,0,0.0
2025-01-09 04:00:00,0,0.0
2025-01-09 05:00:00,0,0.0
2025-01-09 06:00:00,1,18860.809
2025-01-09 07:00:00,5,146822.6
2025-01-09 08:00:00,1,20728.988
2025-01-09 09:00:00,1,13483.094
2025-01-09 10:00:00,1,5886.2305
2025-01-09 11:00:00,1,15006.454
2025-01-09 12:00:00,1,24778.945
2025-01-09 13:00:00,1,15686.219
2025-01-09 14:00:00,1,15292.969
2025-01-09 15:00:00,1,18393.83
2025-01-09 16:00:00,1,19381.408
2025-01-09 17:00:00,5,387955.6
2025-01-09 18:00:00,1,11007.309
2025-01-09 19:00:00,0,0.0
2025-01-09 20:00:00,0,0.0
2025-01-09 21:00:00,1,484.6115
2025-01-09 22:00:00,1,9089.813
2025-01-09 23:00:00,2,18755.746
2025-01-10 00:00:00,2,20697.37
2025-01-10 01:00:00,2,18640.86
2025-01-10 02:00:00,2,21742.3
2025-01-10 03:00:00,2,28316.838
2025-01-10 04:00:00,1,23732.3
2025-01-10 05:00:00,1,36201.355
2025-01-10 06:00:00,1,28014.36
2025-01-10 07:00:00,5,402857.3
2025-01-10 08:00:00,1,37432.74
2025-01-10 09:00:00,1,17484.71
2025-01-10 10:00:00,1,23331.803
2025-01-10 11:00:00,1,26610.473
2025-01-10 12:00:00,1,26644.348
2025-01-10 13:00:00,1,20033.066
2025-01-10 14:00:00,1,19385.773
2025-01-10 15:00:00,1,38708.754
2025-01-10 16:00:00,5,409552.16
2025-01-10 17:00:00,5,411164.03
2025-01-10 18:00:00,5,415745.88
2025-01-10 19:00:00,1,18613.953
2025-01-10 20:00:00,1,13995.941
2025-01-10 21:00:00,1,16963.486
2025-01-10 22:00:00,1,23657.135
2025-01-10 23:00:00,1,26566.04
2025-01-11 00:00:00,1,12903.977
2025-01-11 01:00:00,2,17662.576
2025-01-11 02:00:00,2,14724.007
2025-01-11 03:00:00,2,11433.885
2025-01-11 04:00:00,2,14692.022
2025-01-11 05:00:00,1,7992.966
2025-01-11 06:00:00,1,4341.3696
2025-01-11 07:00:00,1,13382.096
2025-01-11 08:00:00,1,8137.5884
2025-01-11 09:00:00,1,5455.7266
2025-01-11 10:00:00,0,0.0
2025-01-11 11:00:00,0,0.0
2025-01-11 12:00:00,1,10510.818
2025-01-11 13:00:00,2,10691.578
2025-01-11 14:00:00,1,19431.184
2025-01-11 15:00:00,1,24084.96
2025-01-11 16:00:00,1,28066.543
2025-01-11 17:00:00,1,33926.19
2025-01-11 18:00:00,1,35456.97
2025-01-11 19:00:00,1,35350.113
2025-01-11 20:00:00,1,34837.92
2025-01-11 21:00:00,1,31007.781
2025-01-11 22:00:00,1,17408.447
2025-01-11 23:00:00,1,22025.223
2025-01-12 00:00:00,2,20683.9
2025-01-12 01:00:00,2,16053.47
2025-01-12 02:00:00,2,14917.566
2025-01-12 03:00:00,2,11209.686
2025-01-12 04:00:00,2,17561.125
2025-01-12 05:00:00,2,12331.933
2025-01-12 06:00:00,0,0.0
2025-01-12 07:00:00,1,10771.896
2025-01-12 08:00:00,1,15728.897
2025-01-12 09:00:00,1,12287.644
2025-01-12 10:00:00,1,8851.188
2025-01-12 11:00:00,1,4161.362
2025-01-12 12:00:00,2,3837.27
2025-01-12 13:00:00,0,0.0
2025-01-12 14:00:00,0,0.0
2025-01-12 15:00:00,1,1025.116
2025-01-12 16:00:00,1,9352.799
2025-01-12 17:00:00,1,15217.011
2025-01-12 18:00:00,1,12828.109
2025-01-12 19:00:00,0,0.0
2025-01-12 20:00:00,0,0.0
2025-01-12 21:00:00,0,0.0
2025-01-12 22:00:00,0,0.0
2025-01-12 23:00:00,0,0.0
2025-01-13 00:00:00,0,0.0
2025-01-13 01:00:00,0,0.0
2025-01-13 02:00:00,0,0.0
2025-01-13 03:00:00,0,0.0
2025-01-13 04:00:00,0,0.0
2025-01-13 05:00:00,0,0.0
2025-01-13 06:00:00,0,0.0
2025-01-13 07:00:00,0,0.0
2025-01-13 08:00:00,0,0.0
2025-01-13 09:00:00,0,0.0
2025-01-13 10:00:00,0,0.0
2025-01-13 11:00:00,0,0.0
2025-01-13 12:00:00,0,0.0
2025-01-13 13:00:00,0,0.0
2025-01-13 14:00:00,0,0.0
2025-01-13 15:00:00,0,0.0
2025-01-13 16:00:00,0,0.0
2025-01-13 17:00:00,0,0.0
2025-01-13 18:00:00,0,0.0
2025-01-13 19:00:00,0,0.0
2025-01-13 20:00:00,0,0.0
2025-01-13 21:00:00,0,0.0
2025-01-13 22:00:00,0,0.0
2025-01-13 23:00:00,0,0.0
2025-01-14 00:00:00,0,0.0
2025-01-14 01:00:00,0,0.0
2025-01-14 02:00:00,0,0.0
2025-01-14 03:00:00,0,0.0
2025-01-14 04:00:00,0,0.0
2025-01-14 05:00:00,0,0.0
2025-01-14 06:00:00,0,0.0
2025-01-14 07:00:00,1,7397.774
2025-01-14 08:00:00,1,4034.5
2025-01-14 09:00:00,0,0.0
2025-01-14 10:00:00,0,0.0
2025-01-14 11:00:00,0,0.0
2025-01-14 12:00:00,0,0.0
2025-01-14 13:00:00,0,0.0
2025-01-14 14:00:00,0,0.0
2025-01-14 15:00:00,0,0.0
2025-01-14 16:00:00,0,0.0
2025-01-14 17:00:00,0,0.0
2025-01-14 18:00:00,0,0.0
2025-01-14 19:00:00,0,0.0
2025-01-14 20:00:00,0,0.0
2025-01-14 21:00:00,0,0.0
2025-01-14 22:00:00,0,0.0
2025-01-14 23:00:00,0,0.0
2025-01-15 00:00:00,0,0.0
2025-01-15 01:00:00,1,3907.8875
2025-01-15 02:00:00,1,9042.692
2025-01-15 03:00:00,1,4966.7437
2025-01-15 04:00:00,0,0.0
2025-01-15 05:00:00,0,0.0
2025-01-15 06:00:00,0,0.0
2025-01-15 07:00:00,0,0.0
2025-01-15 08:00:00,0,0.0
2025-01-15 09:00:00,0,0.0
2025-01-15 10:00:00,0,0.0
2025-01-15 11:00:00,0,0.0
2025-01-15 12:00:00,0,0.0
2025-01-15 13:00:00,0,0.0
2025-01-15 14:00:00,0,0.0
2025-01-15 15:00:00,0,0.0
2025-01-15 16:00:00,0,0.0
2025-01-15 17:00:00,0,0.0
2025-01-15 18:00:00,0,0.0
2025-01-15 19:00:00,0,0.0
2025-01-15 20:00:00,0,0.0
2025-01-15 21:00:00,0,0.0
2025-01-15 22:00:00,0,0.0
2025-01-15 23:00:00,0,0.0
2025-01-16 00:00:00,0,0.0
2025-01-16 01:00:00,0,0.0
2025-01-16 02:00:00,0,0.0
2025-01-16 03:00:00,0,0.0
2025-01-16 04:00:00,0,0.0
2025-01-16 05:00:00,0,0.0
2025-01-16 06:00:00,1,4027.8855
2025-01-16 07:00:00,5,380214.3
2025-01-16 08:00:00,5,176811.06
2025-01-16 09:00:00,1,7500.5723
2025-01-16 10:00:00,1,8838.555
2025-01-16 11:00:00,1,11756.454
2025-01-16 12:00:00,1,10190.979
2025-01-16 13:00:00,1,14725.434
2025-01-16 14:00:00,1,7066.254
2025-01-16 15:00:00,1,23257.92
2025-01-16 16:00:00,5,380752.03
2025-01-16 17:00:00,5,140744.64
2025-01-16 18:00:00,1,6957.802
2025-01-16 19:00:00,0,0.0
2025-01-16 20:00:00,0,0.0
2025-01-16 21:00:00,0,0.0
2025-01-16 22:00:00,0,0.0
2025-01-16 23:00:00,0,0.0
2025-01-17 00:00:00,0,0.0
2025-01-17 01:00:00,0,0.0
2025-01-17 02:00:00,0,0.0
2025-01-17 03:00:00,0,0.0
2025-01-17 04:00:00,0,0.0
2025-01-17 05:00:00,0,0.0
2025-01-17 06:00:00,0,0.0
2025-01-17 07:00:00,1,3817.833
2025-01-17 08:00:00,1,9522.3545
2025-01-17 09:00:00,1,1489.9673
2025-01-17 10:00:00,1,20399.018
2025-01-17 11:00:00,1,14391.113
2025-01-17 12:00:00,1,15956.192
2025-01-17 13:00:00,1,24388.2
2025-01-17 14:00:00,1,28130.28
2025-01-17 15:00:00,5,67902.76
2025-01-17 16:00:00,5,414879.56
2025-01-17 17:00:00,5,416649.44
2025-01-17 18:00:00,5,411107.44
2025-01-17 19:00:00,5,46157.06
2025-01-17 20:00:00,1,28874.496
2025-01-17 21:00:00,1,22546.355
2025-01-17 22:00:00,1,17577.621
2025-01-17 23:00:00,1,13913.07
2025-01-18 00:00:00,1,14426.864
2025-01-18 01:00:00,1,11823.166
2025-01-18 02:00:00,1,8665.291
2025-01-18 03:00:00,1,5668.32
2025-01-18 04:00:00,1,5881.0957
2025-01-18 05:00:00,1,11919.54
2025-01-18 06:00:00,1,8608.238
2025-01-18 07:00:00,1,26126.77
2025-01-18 08:00:00,1,27069.596
2025-01-18 09:00:00,1,20990.54
2025-01-18 10:00:00,1,17015.67
2025-01-18 11:00:00,1,17495.193
2025-01-18 12:00:00,1,10746.49
2025-01-18 13:00:00,1,12022.3545
2025-01-18 14:00:00,1,5560.9434
2025-01-18 15:00:00,1,4056.3354
2025-01-18 16:00:00,1,10279.9375
2025-01-18 17:00:00,0,0.0
2025-01-18 18:00:00,0,0.0
2025-01-18 19:00:00,0,0.0
2025-01-18 20:00:00,0,0.0
2025-01-18 21:00:00,0,0.0
2025-01-18 22:00:00,0,0.0
2025-01-18 23:00:00,0,0.0
2025-01-19 00:00:00,0,0.0
2025-01-19 01:00:00,0,0.0
2025-01-19 02:00:00,0,0.0
2025-01-19 03:00:00,0,0.0
2025-01-19 04:00:00,0,0.0
2025-01-19 05:00:00,0,0.0
2025-01-19 06:00:00,0,0.0
2025-01-19 07:00:00,0,0.0
2025-01-19 08:00:00,0,0.0
2025-01-19 09:00:00,0,0.0
2025-01-19 10:00:00,0,0.0
2025-01-19 11:00:00,0,0.0
2025-01-19 12:00:00,0,0.0
2025-01-19 13:00:00,0,0.0
2025-01-19 14:00:00,0,0.0
2025-01-19 15:00:00,0,0.0
2025-01-19 16:00:00,0,0.0
2025-01-19 17:00:00,0,0.0
2025-01-19 18:00:00,1,10463.928
2025-01-19 19:00:00,1,7961.739
2025-01-19 20:00:00,1,5951.634
2025-01-19 21:00:00,1,2168.6638
2025-01-19 22:00:00,0,0.0
2025-01-19 23:00:00,0,0.0
2025-01-20 00:00:00,1,6074.4355
2025-01-20 01:00:00,0,0.0
2025-01-20 02:00:00,0,0.0
2025-01-20 03:00:00,0,0.0
2025-01-20 04:00:00,0,0.0
2025-01-20 05:00:00,0,0.0
2025-01-20 06:00:00,0,0.0
2025-01-20 07:00:00,0,0.0
2025-01-20 08:00:00,0,0.0
2025-01-20 09:00:00,0,0.0
2025-01-20 10:00:00,0,0.0
2025-01-20 11:00:00,0,0.0
2025-01-20 12:00:00,0,0.0
2025-01-20 13:00:00,0,0.0
2025-01-20 14:00:00,0,0.0
2025-01-20 15:00:00,0,0.0
2025-01-20 16:00:00,0,0.0
2025-01-20 17:00:00,0,0.0
2025-01-20 18:00:00,0,0.0
2025-01-20 19:00:00,0,0.0
2025-01-20 20:00:00,0,0.0
2025-01-20 21:00:00,0,0.0
2025-01-20 22:00:00,0,0.0
2025-01-20 23:00:00,0,0.0
2025-01-21 00:00:00,0,0.0
2025-01-21 01:00:00,0,0.0
2025-01-21 02:00:00,0,0.0
2025-01-21 03:00:00,0,0.0
2025-01-21 04:00:00,0,0.0
2025-01-21 05:00:00,0,0.0
2025-01-21 06:00:00,0,0.0
2025-01-21 07:00:00,0,0.0
2025-01-21 08:00:00,2,2279.8745
2025-01-21 09:00:00,3,8384.459
2025-01-21 10:00:00,4,20775.658
2025-01-21 11:00:00,3,18990.125
2025-01-21 12:00:00,3,10756.025
2025-01-21 13:00:00,3,12186.949
2025-01-21 14:00:00,2,7890.353
2025-01-21 15:00:00,2,13002.965
2025-01-21 16:00:00,2,25176.02
2025-01-21 17:00:00,3,22190.22
2025-01-21 18:00:00,3,35005.95
2025-01-21 19:00:00,3,46308.953
2025-01-21 20:00:00,5,34294.33
2025-01-21 21:00:00,4,13676.374
2025-01-21 22:00:00,7,22960.943
2025-01-21 23:00:00,8,53571.89
2025-01-22 00:00:00,7,59231.996
2025-01-22 01:00:00,5,29258.375
2025-01-22 02:00:00,8,46703.71
2025-01-22 03:00:00,9,77109.805
2025-01-22 04:00:00,9,112256.164
2025-01-22 05:00:00,10,86692.87
2025-01-22 06:00:00,11,91022.164
2025-01-22 07:00:00,8,132000.88
2025-01-22 08:00:00,9,148890.39
2025-01-22 09:00:00,9,142824.25
2025-01-22 10:00:00,10,143734.36
2025-01-22 11:00:00,10,141226.67
2025-01-22 12:00:00,10,144056.36
2025-01-22 13:00:00,10,129893.24
2025-01-22 14:00:00,7,101037.42
2025-01-22 15:00:00,6,83881.75
2025-01-22 16:00:00,6,76392.15
2025-01-22 17:00:00,4,82180.99
2025-01-22 18:00:00,6,82972.79
2025-01-22 19:00:00,6,90850.45
2025-01-22 20:00:00,9,103573.26
2025-01-22 21:00:00,7,75308.2
2025-01-22 22:00:00,9,83850.12
2025-01-22 23:00:00,8,72708.12
2025-01-23 00:00:00,7,81212.664
2025-01-23 01:00:00,6,67350.44
2025-01-23 02:00:00,6,56511.035
2025-01-23 03:00:00,5,29457.584
2025-01-23 04:00:00,4,39203.836
2025-01-23 05:00:00,4,19541.803
2025-01-23 06:00:00,2,18990.984
2025-01-23 07:00:00,2,29955.137
2025-01-23 08:00:00,3,21318.973
2025-01-23 09:00:00,3,24578.527
2025-01-23 10:00:00,4,17405.373
2025-01-23 11:00:00,4,27243.15
2025-01-23 12:00:00,3,19561.645
2025-01-23 13:00:00,1,39347.5
2025-01-23 14:00:00,1,27225.82
2025-01-23 15:00:00,1,25501.557
2025-01-23 16:00:00,1,11760.761
2025-01-23 17:00:00,1,12955.783
2025-01-23 18:00:00,2,19555.023
2025-01-23 19:00:00,4,24849.215
2025-01-23 20:00:00,6,48969.633
2025-01-23 21:00:00,6,51004.773
2025-01-23 22:00:00,6,45758.316
2025-01-23 23:00:00,6,69587.164
2025-01-24 00:00:00,6,47750.535
2025-01-24 01:00:00,6,35621.094
2025-01-24 02:00:00,5,24704.88
2025-01-24 03:00:00,6,23736.217
2025-01-24 04:00:00,6,41554.457
2025-01-24 05:00:00,6,77094.76
2025-01-24 06:00:00,9,379593.16
2025-01-24 07:00:00,10,389947.53
2025-01-24 08:00:00,11,380341.0
2025-01-24 09:00:00,7,78643.945
2025-01-24 10:00:00,9,116509.03
2025-01-24 11:00:00,9,121636.21
2025-01-24 12:00:00,9,128626.1
2025-01-24 13:00:00,7,148888.14
2025-01-24 14:00:00,7,136044.67
2025-01-24 15:00:00,6,112874.37
2025-01-24 16:00:00,6,90868.21
2025-01-24 17:00:00,10,44254.57
2025-01-24 18:00:00,6,48090.3
2025-01-24 19:00:00,6,82399.42
2025-01-24 20:00:00,6,85124.56
2025-01-24 21:00:00,6,62390.047
2025-01-24 22:00:00,6,53869.246
2025-01-24 23:00:00,5,12007.065
2025-01-25 00:00:00,2,16120.037
2025-01-25 01:00:00,2,11887.011
2025-01-25 02:00:00,3,2875.829
2025-01-25 03:00:00,1,23015.188
2025-01-25 04:00:00,1,20805.213
2025-01-25 05:00:00,1,10822.489
2025-01-25 06:00:00,1,19531.658
2025-01-25 07:00:00,1,9805.416
2025-01-25 08:00:00,0,0.0
2025-01-25 09:00:00,0,0.0
2025-01-25 10:00:00,0,0.0
2025-01-25 11:00:00,0,0.0
2025-01-25 12:00:00,0,0.0
2025-01-25 13:00:00,0,0.0
2025-01-25 14:00:00,0,0.0
2025-01-25 15:00:00,0,0.0
2025-01-25 16:00:00,5,372710.16
2025-01-25 17:00:00,5,373213.22
2025-01-25 18:00:00,5,369530.7
2025-01-25 19:00:00,0,0.0
2025-01-25 20:00:00,0,0.0
2025-01-25 21:00:00,0,0.0
2025-01-25 22:00:00,0,0.0
2025-01-25 23:00:00,0,0.0
2025-01-26 00:00:00,0,0.0
2025-01-26 01:00:00,0,0.0
2025-01-26 02:00:00,0,0.0
2025-01-26 03:00:00,0,0.0
2025-01-26 04:00:00,0,0.0
2025-01-26 05:00:00,0,0.0
2025-01-26 06:00:00,0,0.0
2025-01-26 07:00:00,1,4392.9785
2025-01-26 08:00:00,1,27754.48
2025-01-26 09:00:00,1,35691.266
2025-01-26 10:00:00,4,21481.436
2025-01-26 11:00:00,4,24422.611
2025-01-26 12:00:00,5,38844.99
2025-01-26 13:00:00,6,45309.3
2025-01-26 14:00:00,6,52052.637
2025-01-26 15:00:00,6,63887.707
2025-01-26 16:00:00,5,46970.707
2025-01-26 17:00:00,6,67058.78
2025-01-26 18:00:00,1,34476.316
2025-01-26 19:00:00,2,4067.0627
2025-01-26 20:00:00,1,17787.137
2025-01-26 21:00:00,1,321.9987
2025-01-26 22:00:00,0,0.0
2025-01-26 23:00:00,0,0.0
2025-01-27 00:00:00,0,0.0
2025-01-27 01:00:00,0,0.0
2025-01-27 02:00:00,0,0.0
2025-01-27 03:00:00,0,0.0
2025-01-27 04:00:00,0,0.0
2025-01-27 05:00:00,4,130008.695
2025-01-27 06:00:00,4,296982.66
2025-01-27 07:00:00,0,0.0
2025-01-27 08:00:00,0,0.0
2025-01-27 09:00:00,0,0.0
2025-01-27 10:00:00,2,12530.057
2025-01-27 11:00:00,2,28471.336
2025-01-27 12:00:00,2,17226.451
2025-01-27 13:00:00,1,154.28963
2025-01-27 14:00:00,0,0.0
2025-01-27 15:00:00,1,10866.211
2025-01-27 16:00:00,5,128700.305
2025-01-27 17:00:00,1,13296.661
2025-01-27 18:00:00,1,3596.2295
2025-01-27 19:00:00,0,0.0
2025-01-27 20:00:00,0,0.0
2025-01-27 21:00:00,0,0.0
2025-01-27 22:00:00,1,438.33923
2025-01-27 23:00:00,0,0.0
2025-01-28 00:00:00,1,9061.401
2025-01-28 01:00:00,1,18085.57
2025-01-28 02:00:00,0,0.0
2025-01-28 03:00:00,0,0.0
2025-01-28 04:00:00,0,0.0
2025-01-28 05:00:00,1,2549.8198
2025-01-28 06:00:00,1,6918.0146
2025-01-28 07:00:00,1,3474.3958
2025-01-28 08:00:00,0,0.0
2025-01-28 09:00:00,1,221.66144
2025-01-28 10:00:00,2,34017.066
2025-01-28 11:00:00,2,43620.246
2025-01-28 12:00:00,2,27252.314
2025-01-28 13:00:00,0,0.0
2025-01-28 14:00:00,0,0.0
2025-01-28 15:00:00,0,0.0
2025-01-28 16:00:00,4,101140.35
2025-01-28 17:00:00,0,0.0
2025-01-28 18:00:00,0,0.0
2025-01-28 19:00:00,1,892.46594
2025-01-28 20:00:00,1,407.40143
2025-01-28 21:00:00,0,0.0
2025-01-28 22:00:00,0,0.0
2025-01-28 23:00:00,0,0.0
2025-01-29 00:00:00,0,0.0
2025-01-29 01:00:00,0,0.0
2025-01-29 02:00:00,0,0.0
2025-01-29 03:00:00,0,0.0
2025-01-29 04:00:00,0,0.0
2025-01-29 05:00:00,0,0.0
2025-01-29 06:00:00,0,0.0
2025-01-29 07:00:00,0,0.0
2025-01-29 08:00:00,0,0.0
2025-01-29 09:00:00,0,0.0
2025-01-29 10:00:00,2,15667.262
2025-01-29 11:00:00,2,21869.469
2025-01-29 12:00:00,3,9323.3955
2025-01-29 13:00:00,0,0.0
2025-01-29 14:00:00,1,15910.385
2025-01-29 15:00:00,1,34422.562
2025-01-29 16:00:00,5,398698.22
2025-01-29 17:00:00,5,393288.03
2025-01-29 18:00:00,5,388177.4
2025-01-29 19:00:00,1,11279.236
2025-01-29 20:00:00,0,0.0
2025-01-29 21:00:00,0,0.0
2025-01-29 22:00:00,0,0.0
2025-01-29 23:00:00,0,0.0
2025-01-30 00:00:00,0,0.0
2025-01-30 01:00:00,0,0.0
2025-01-30 02:00:00,0,0.0
2025-01-30 03:00:00,0,0.0
2025-01-30 04:00:00,0,0.0
2025-01-30 05:00:00,0,0.0
2025-01-30 06:00:00,1,7416.534
2025-01-30 07:00:00,0,0.0
2025-01-30 08:00:00,0,0.0
2025-01-30 09:00:00,0,0.0
2025-01-30 10:00:00,0,0.0
2025-01-30 11:00:00,0,0.0
2025-01-30 12:00:00,0,0.0
2025-01-30 13:00:00,0,0.0
2025-01-30 14:00:00,0,0.0
2025-01-30 15:00:00,0,0.0
2025-01-30 16:00:00,0,0.0
2025-01-30 17:00:00,0,0.0
2025-01-30 18:00:00,0,0.0
2025-01-30 19:00:00,0,0.0
2025-01-30 20:00:00,0,0.0
2025-01-30 21:00:00,0,0.0
2025-01-30 22:00:00,0,0.0
2025-01-30 23:00:00,0,0.0
2025-01-31 00:00:00,0,0.0
2025-01-31 01:00:00,0,0.0
2025-01-31 02:00:00,0,0.0
2025-01-31 03:00:00,0,0.0
2025-01-31 04:00:00,0,0.0
2025-01-31 05:00:00,0,0.0
2025-01-31 06:00:00,5,105910.305
2025-01-31 07:00:00,5,259002.62
2025-01-31 08:00:00,1,17546.418
2025-01-31 09:00:00,1,2913.7422
2025-01-31 10:00:00,0,0.0
2025-01-31 11:00:00,0,0.0
2025-01-31 12:00:00,0,0.0
2025-01-31 13:00:00,0,0.0
2025-01-31 14:00:00,0,0.0
2025-01-31 15:00:00,0,0.0
2025-01-31 16:00:00,0,0.0
2025-01-31 17:00:00,0,0.0
2025-01-31 18:00:00,0,0.0
2025-01-31 19:00:00,1,15719.606
2025-01-31 20:00:00,2,9037.764
2025-01-31 21:00:00,2,21076.074
2025-01-31 22:00:00,3,18910.043
2025-01-31 23:00:00,4,15892.037
2025-02-01 00:00:00,2,9328.937
2025-02-01 01:00:00,2,2407.4949
2025-02-01 02:00:00,2,9768.166
2025-02-01 03:00:00,1,16741.3
2025-02-01 04:00:00,1,7646.18
2025-02-01 05:00:00,1,10106.204
2025-02-01 06:00:00,1,9352.794
2025-02-01 07:00:00,4,4879.6865
2025-02-01 08:00:00,4,24300.709
2025-02-01 09:00:00,1,3333.313
2025-02-01 10:00:00,2,120.28347
2025-02-01 11:00:00,2,1460.5521
2025-02-01 12:00:00,2,2060.3018
2025-02-01 13:00:00,2,2842.0967
2025-02-01 14:00:00,1,1519.4702
2025-02-01 15:00:00,4,453905.6
2025-02-01 16:00:00,0,0.0
2025-02-01 17:00:00,0,0.0
2025-02-01 18:00:00,0,0.0
2025-02-01 19:00:00,0,0.0
2025-02-01 20:00:00,0,0.0
2025-02-01 21:00:00,0,0.0
2025-02-01 22:00:00,0,0.0
2025-02-01 23:00:00,0,0.0
2025-02-02 00:00:00,0,0.0
2025-02-02 01:00:00,0,0.0
2025-02-02 02:00:00,0,0.0
2025-02-02 03:00:00,0,0.0
2025-02-02 04:00:00,0,0.0
2025-02-02 05:00:00,0,0.0
2025-02-02 06:00:00,0,0.0
2025-02-02 07:00:00,0,0.0
2025-02-02 08:00:00,1,12830.582
2025-02-02 09:00:00,1,18990.754
2025-02-02 10:00:00,1,25644.21
2025-02-02 11:00:00,1,37653.504
2025-02-02 12:00:00,4,17275.445
2025-02-02 13:00:00,4,22796.594
2025-02-02 14:00:00,4,19913.004
2025-02-02 15:00:00,3,28422.494
2025-02-02 16:00:00,3,27594.705
2025-02-02 17:00:00,5,25102.697
2025-02-02 18:00:00,7,38683.047
2025-02-02 19:00:00,7,46040.79
2025-02-02 20:00:00,9,81771.97
2025-02-02 21:00:00,4,33563.383
2025-02-02 22:00:00,3,29912.943
2025-02-02 23:00:00,3,13716.458
2025-02-03 00:00:00,4,22712.457
2025-02-03 01:00:00,3,16241.547
2025-02-03 02:00:00,3,14777.791
2025-02-03 03:00:00,3,9222.355
2025-02-03 04:00:00,2,27293.531
2025-02-03 05:00:00,6,29833.436
2025-02-03 06:00:00,5,362353.22
2025-02-03 07:00:00,5,138125.5
2025-02-03 08:00:00,2,9647.904
2025-02-03 09:00:00,3,19222.486
2025-02-03 10:00:00,5,28907.79
2025-02-03 11:00:00,5,30388.969
2025-02-03 12:00:00,5,23974.059
2025-02-03 13:00:00,3,19567.564
2025-02-03 14:00:00,3,14748.17
2025-02-03 15:00:00,2,12085.188
2025-02-03 16:00:00,2,1247.1185
2025-02-03 17:00:00,0,0.0
2025-02-03 18:00:00,2,823.36676
2025-02-03 19:00:00,2,2660.7646
2025-02-03 20:00:00,2,1092.659
2025-02-03 21:00:00,2,2036.5452
2025-02-03 22:00:00,1,16043.467
2025-02-03 23:00:00,1,18821.555
2025-02-04 00:00:00,2,14384.363
2025-02-04 01:00:00,2,4891.268
2025-02-04 02:00:00,2,11509.366
2025-02-04 03:00:00,2,9087.365
2025-02-04 04:00:00,1,8337.778
2025-02-04 05:00:00,2,2282.2263
2025-02-04 06:00:00,2,11350.086
2025-02-04 07:00:00,2,29334.26
2025-02-04 08:00:00,5,42272.76
2025-02-04 09:00:00,6,64469.223
2025-02-04 10:00:00,7,55683.016
2025-02-04 11:00:00,7,57156.02
2025-02-04 12:00:00,10,96659.56
2025-02-04 13:00:00,8,88838.62
2025-02-04 14:00:00,9,95826.74
2025-02-04 15:00:00,7,90001.93
2025-02-04 16:00:00,4,80288.445
2025-02-04 17:00:00,5,60955.03
2025-02-04 18:00:00,5,59720.99
2025-02-04 19:00:00,7,74799.05
2025-02-04 20:00:00,8,68827.586
2025-02-04 21:00:00,7,36283.496
2025-02-04 22:00:00,7,48413.34
2025-02-04 23:00:00,5,17529.23
2025-02-05 00:00:00,5,18453.84
2025-02-05 01:00:00,4,15263.985
2025-02-05 02:00:00,5,10773.7
2025-02-05 03:00:00,5,47529.926
2025-02-05 04:00:00,9,98671.04
2025-02-05 05:00:00,4,29840.314
2025-02-05 06:00:00,5,90308.45
2025-02-05 07:00:00,6,96031.3
2025-02-05 08:00:00,7,102816.39
2025-02-05 09:00:00,8,112873.12
2025-02-05 10:00:00,10,124542.0
2025-02-05 11:00:00,10,223595.67
2025-02-05 12:00:00,10,232662.52
2025-02-05 13:00:00,10,172262.78
2025-02-05 14:00:00,8,143039.6
2025-02-05 15:00:00,12,315164.12
2025-02-05 16:00:00,13,384864.88
2025-02-05 17:00:00,12,158892.77
2025-02-05 18:00:00,9,138865.27
2025-02-05 19:00:00,9,137528.47
2025-02-05 20:00:00,9,144285.03
2025-02-05 21:00:00,9,120941.4
2025-02-05 22:00:00,9,122663.82
2025-02-05 23:00:00,9,112649.555
2025-02-06 00:00:00,8,98639.15
2025-02-06 01:00:00,9,107882.12
2025-02-06 02:00:00,8,95131.78
2025-02-06 03:00:00,9,104788.52
2025-02-06 04:00:00,9,104652.79
2025-02-06 05:00:00,9,104737.75
2025-02-06 06:00:00,9,134193.78
2025-02-06 07:00:00,8,127854.1
2025-02-06 08:00:00,9,148536.89
2025-02-06 09:00:00,10,163834.58
2025-02-06 10:00:00,11,169053.47
2025-02-06 11:00:00,11,173082.05
2025-02-06 12:00:00,11,191991.38
2025-02-06 13:00:00,11,184824.98
2025-02-06 14:00:00,10,208972.73
2025-02-06 15:00:00,10,216857.25
2025-02-06 16:00:00,11,206438.86
2025-02-06 17:00:00,11,208777.98
2025-02-06 18:00:00,11,196391.66
2025-02-06 19:00:00,10,198566.78
2025-02-06 20:00:00,10,194463.17
2025-02-06 21:00:00,9,138395.72
2025-02-06 22:00:00,9,123137.05
2025-02-06 23:00:00,9,93730.44
2025-02-07 00:00:00,6,41550.566
2025-02-07 01:00:00,4,18827.236
2025-02-07 02:00:00,2,12933.498
2025-02-07 03:00:00,1,21428.365
2025-02-07 04:00:00,1,24808.488
2025-02-07 05:00:00,1,15335.281
2025-02-07 06:00:00,0,0.0
2025-02-07 07:00:00,0,0.0
2025-02-07 08:00:00,0,0.0
2025-02-07 09:00:00,0,0.0
2025-02-07 10:00:00,0,0.0
2025-02-07 11:00:00,0,0.0
2025-02-07 12:00:00,0,0.0
2025-02-07 13:00:00,0,0.0
2025-02-07 14:00:00,0,0.0
2025-02-07 15:00:00,1,6797.577
2025-02-07 16:00:00,5,398496.44
2025-02-07 17:00:00,5,406447.25
2025-02-07 18:00:00,5,265226.03
2025-02-07 19:00:00,1,9449.417
2025-02-07 20:00:00,1,4459.999
2025-02-07 21:00:00,0,0.0
2025-02-07 22:00:00,0,0.0
2025-02-07 23:00:00,0,0.0
2025-02-08 00:00:00,1,12435.455
2025-02-08 01:00:00,1,9240.051
2025-02-08 02:00:00,1,9533.737
2025-02-08 03:00:00,1,10742.98
2025-02-08 04:00:00,2,3812.1248
2025-02-08 05:00:00,1,3384.9336
2025-02-08 06:00:00,1,11366.043
2025-02-08 07:00:00,1,28595.002
2025-02-08 08:00:00,1,21897.477
2025-02-08 09:00:00,1,25943.512
2025-02-08 10:00:00,1,15442.5205
2025-02-08 11:00:00,1,7723.2515
2025-02-08 12:00:00,1,5269.241
2025-02-08 13:00:00,1,1922.4854
2025-02-08 14:00:00,0,0.0
2025-02-08 15:00:00,0,0.0
2025-02-08 16:00:00,1,4405.7695
2025-02-08 17:00:00,1,1063.469
2025-02-08 18:00:00,0,0.0
2025-02-08 19:00:00,0,0.0
2025-02-08 20:00:00,0,0.0
2025-02-08 21:00:00,0,0.0
2025-02-08 22:00:00,0,0.0
2025-02-08 23:00:00,0,0.0
2025-02-09 00:00:00,0,0.0
2025-02-09 01:00:00,0,0.0
2025-02-09 02:00:00,0,0.0
2025-02-09 03:00:00,0,0.0
2025-02-09 04:00:00,0,0.0
2025-02-09 05:00:00,0,0.0
2025-02-09 06:00:00,0,0.0
2025-02-09 07:00:00,0,0.0
2025-02-09 08:00:00,0,0.0
2025-02-09 09:00:00,1,2786.484
2025-02-09 10:00:00,0,0.0
2025-02-09 11:00:00,0,0.0
2025-02-09 12:00:00,0,0.0
2025-02-09 13:00:00,0,0.0
2025-02-09 14:00:00,0,0.0
2025-02-09 15:00:00,0,0.0
2025-02-09 16:00:00,0,0.0
2025-02-09 17:00:00,0,0.0
2025-02-09 18:00:00,0,0.0
2025-02-09 19:00:00,0,0.0
2025-02-09 20:00:00,0,0.0
2025-02-09 21:00:00,0,0.0
2025-02-09 22:00:00,0,0.0
2025-02-09 23:00:00,0,0.0
2025-02-10 00:00:00,0,0.0
2025-02-10 01:00:00,1,2188.53
2025-02-10 02:00:00,1,4846.6187
2025-02-10 03:00:00,1,9898.285
2025-02-10 04:00:00,1,8485.71
2025-02-10 05:00:00,1,29637.146
2025-02-10 06:00:00,5,400096.7
2025-02-10 07:00:00,5,402252.62
2025-02-10 08:00:00,1,33723.16
2025-02-10 09:00:00,1,16565.994
2025-02-10 10:00:00,1,31322.906
2025-02-10 11:00:00,1,31061.523
2025-02-10 12:00:00,1,29431.213
2025-02-10 13:00:00,1,24202.148
2025-02-10 14:00:00,1,14643.28
2025-02-10 15:00:00,1,19961.35
2025-02-10 16:00:00,5,106837.79
2025-02-10 17:00:00,5,48184.63
2025-02-10 18:00:00,1,8830.116
2025-02-10 19:00:00,0,0.0
2025-02-10 20:00:00,0,0.0
2025-02-10 21:00:00,0,0.0
2025-02-10 22:00:00,0,0.0
2025-02-10 23:00:00,0,0.0
2025-02-11 00:00:00,0,0.0
2025-02-11 01:00:00,0,0.0
2025-02-11 02:00:00,0,0.0
2025-02-11 03:00:00,0,0.0
2025-02-11 04:00:00,0,0.0
2025-02-11 05:00:00,0,0.0
2025-02-11 06:00:00,0,0.0
2025-02-11 07:00:00,1,791.38184
2025-02-11 08:00:00,0,0.0
2025-02-11 09:00:00,0,0.0
2025-02-11 10:00:00,0,0.0
2025-02-11 11:00:00,1,4132.225
2025-02-11 12:00:00,0,0.0
2025-02-11 13:00:00,1,954.8187
2025-02-11 14:00:00,1,3138.2522
2025-02-11 15:00:00,1,11153.381
2025-02-11 16:00:00,5,293920.3
2025-02-11 17:00:00,5,397346.97
2025-02-11 18:00:00,5,399233.16
2025-02-11 19:00:00,1,20276.291
2025-02-11 20:00:00,1,7964.2866
2025-02-11 21:00:00,1,5087.883
2025-02-11 22:00:00,1,4960.4414
2025-02-11 23:00:00,1,9555.252
2025-02-12 00:00:00,1,5081.009
2025-02-12 01:00:00,1,4547.188
2025-02-12 02:00:00,1,8890.731
2025-02-12 03:00:00,1,3798.4238
2025-02-12 04:00:00,1,3806.5337
2025-02-12 05:00:00,1,8265.549
2025-02-12 06:00:00,1,9510.65
2025-02-12 07:00:00,5,392341.62
2025-02-12 08:00:00,5,39959.867
2025-02-12 09:00:00,1,15057.403
2025-02-12 10:00:00,1,17990.31
2025-02-12 11:00:00,1,16147.812
2025-02-12 12:00:00,1,12987.991
2025-02-12 13:00:00,1,12472.748
2025-02-12 14:00:00,1,240.82947
2025-02-12 15:00:00,1,12952.088
2025-02-12 16:00:00,5,198565.44
2025-02-12 17:00:00,5,392323.22
2025-02-12 18:00:00,5,386770.25
2025-02-12 19:00:00,1,12108.947
2025-02-12 20:00:00,0,0.0
2025-02-12 21:00:00,0,0.0
2025-02-12 22:00:00,0,0.0
2025-02-12 23:00:00,0,0.0
2025-02-13 00:00:00,0,0.0
2025-02-13 01:00:00,0,0.0
2025-02-13 02:00:00,0,0.0
2025-02-13 03:00:00,0,0.0
2025-02-13 04:00:00,0,0.0
2025-02-13 05:00:00,0,0.0
2025-02-13 06:00:00,0,0.0
2025-02-13 07:00:00,0,0.0
2025-02-13 08:00:00,0,0.0
2025-02-13 09:00:00,0,0.0
2025-02-13 10:00:00,0,0.0
2025-02-13 11:00:00,0,0.0
2025-02-13 12:00:00,0,0.0
2025-02-13 13:00:00,0,0.0
2025-02-13 14:00:00,0,0.0
2025-02-13 15:00:00,1,10427.384
2025-02-13 16:00:00,5,380975.62
2025-02-13 17:00:00,5,372063.34
2025-02-13 18:00:00,5,140609.06
2025-02-13 19:00:00,0,0.0
2025-02-13 20:00:00,0,0.0
2025-02-13 21:00:00,0,0.0
2025-02-13 22:00:00,0,0.0
2025-02-13 23:00:00,0,0.0
2025-02-14 00:00:00,0,0.0
2025-02-14 01:00:00,0,0.0
2025-02-14 02:00:00,0,0.0
2025-02-14 03:00:00,0,0.0
2025-02-14 04:00:00,0,0.0
2025-02-14 05:00:00,0,0.0
2025-02-14 06:00:00,0,0.0
2025-02-14 07:00:00,0,0.0
2025-02-14 08:00:00,0,0.0
2025-02-14 09:00:00,0,0.0
2025-02-14 10:00:00,0,0.0
2025-02-14 11:00:00,0,0.0
2025-02-14 12:00:00,0,0.0
2025-02-14 13:00:00,0,0.0
2025-02-14 14:00:00,0,0.0
2025-02-14 15:00:00,0,0.0
2025-02-14 16:00:00,4,2672.6606
2025-02-14 17:00:00,0,0.0
2025-02-14 18:00:00,0,0.0
2025-02-14 19:00:00,0,0.0
2025-02-14 20:00:00,0,0.0
2025-02-14 21:00:00,0,0.0
2025-02-14 22:00:00,0,0.0
2025-02-14 23:00:00,0,0.0
2025-02-15 00:00:00,0,0.0
2025-02-15 01:00:00,0,0.0
2025-02-15 02:00:00,0,0.0
2025-02-15 03:00:00,0,0.0
2025-02-15 04:00:00,0,0.0
2025-02-15 05:00:00,0,0.0
2025-02-15 06:00:00,0,0.0
2025-02-15 07:00:00,0,0.0
2025-02-15 08:00:00,0,0.0
2025-02-15 09:00:00,0,0.0
2025-02-15 10:00:00,0,0.0
2025-02-15 11:00:00,0,0.0
2025-02-15 12:00:00,0,0.0
2025-02-15 13:00:00,0,0.0
2025-02-15 14:00:00,0,0.0
2025-02-15 15:00:00,0,0.0
2025-02-15 16:00:00,1,6412.941
2025-02-15 17:00:00,0,0.0
2025-02-15 18:00:00,0,0.0
2025-02-15 19:00:00,0,0.0
2025-02-15 20:00:00,0,0.0
2025-02-15 21:00:00,0,0.0
2025-02-15 22:00:00,0,0.0
2025-02-15 23:00:00,0,0.0
2025-02-16 00:00:00,0,0.0
2025-02-16 01:00:00,0,0.0
2025-02-16 02:00:00,0,0.0
2025-02-16 03:00:00,0,0.0
2025-02-16 04:00:00,0,0.0
2025-02-16 05:00:00,0,0.0
2025-02-16 06:00:00,0,0.0
2025-02-16 07:00:00,0,0.0
2025-02-16 08:00:00,0,0.0
2025-02-16 09:00:00,0,0.0
2025-02-16 10:00:00,0,0.0
2025-02-16 11:00:00,0,0.0
2025-02-16 12:00:00,0,0.0
2025-02-16 13:00:00,0,0.0
2025-02-16 14:00:00,0,0.0
2025-02-16 15:00:00,0,0.0
2025-02-16 16:00:00,0,0.0
2025-02-16 17:00:00,0,0.0
2025-02-16 18:00:00,0,0.0
2025-02-16 19:00:00,0,0.0
2025-02-16 20:00:00,0,0.0
2025-02-16 21:00:00,0,0.0
2025-02-16 22:00:00,0,0.0
2025-02-16 23:00:00,0,0.0
2025-02-17 00:00:00,0,0.0
2025-02-17 01:00:00,0,0.0
2025-02-17 02:00:00,0,0.0
2025-02-17 03:00:00,0,0.0
2025-02-17 04:00:00,0,0.0
2025-02-17 05:00:00,0,0.0
2025-02-17 06:00:00,0,0.0
2025-02-17 07:00:00,0,0.0
2025-02-17 08:00:00,0,0.0
2025-02-17 09:00:00,0,0.0
2025-02-17 10:00:00,0,0.0
2025-02-17 11:00:00,1,660.0723
2025-02-17 12:00:00,1,7038.5513
2025-02-17 13:00:00,1,3132.3167
2025-02-17 14:00:00,1,3024.17
2025-02-17 15:00:00,1,39399.324
2025-02-17 16:00:00,5,413710.25
2025-02-17 17:00:00,5,420253.72
2025-02-17 18:00:00,5,416877.34
2025-02-17 19:00:00,5,419897.4
2025-02-17 20:00:00,1,35186.676
2025-02-17 21:00:00,1,31133.682
2025-02-17 22:00:00,1,15730.24
2025-02-17 23:00:00,1,13770.63
2025-02-18 00:00:00,1,5305.969
2025-02-18 01:00:00,1,435.15015
2025-02-18 02:00:00,0,0.0
2025-02-18 03:00:00,0,0.0
2025-02-18 04:00:00,0,0.0
2025-02-18 05:00:00,0,0.0
2025-02-18 06:00:00,5,41166.863
2025-02-18 07:00:00,0,0.0
2025-02-18 08:00:00,0,0.0
2025-02-18 09:00:00,0,0.0
2025-02-18 10:00:00,0,0.0
2025-02-18 11:00:00,0,0.0
2025-02-18 12:00:00,0,0.0
2025-02-18 13:00:00,0,0.0
2025-02-18 14:00:00,0,0.0
2025-02-18 15:00:00,0,0.0
2025-02-18 16:00:00,0,0.0
2025-02-18 17:00:00,0,0.0
2025-02-18 18:00:00,0,0.0
2025-02-18 19:00:00,0,0.0
2025-02-18 20:00:00,0,0.0
2025-02-18 21:00:00,0,0.0
2025-02-18 22:00:00,0,0.0
2025-02-18 23:00:00,1,17939.686
2025-02-19 00:00:00,1,10422.243
2025-02-19 01:00:00,1,10703.045
2025-02-19 02:00:00,1,14020.071
2025-02-19 03:00:00,1,7543.9434
2025-02-19 04:00:00,1,1131.8766
2025-02-19 05:00:00,0,0.0
2025-02-19 06:00:00,0,0.0
2025-02-19 07:00:00,0,0.0
2025-02-19 08:00:00,0,0.0
2025-02-19 09:00:00,0,0.0
2025-02-19 10:00:00,0,0.0
2025-02-19 11:00:00,0,0.0
2025-02-19 12:00:00,0,0.0
2025-02-19 13:00:00,0,0.0
2025-02-19 14:00:00,0,0.0
2025-02-19 15:00:00,0,0.0
2025-02-19 16:00:00,0,0.0
2025-02-19 17:00:00,5,128480.125
2025-02-19 18:00:00,4,51790.695
2025-02-19 19:00:00,0,0.0
2025-02-19 20:00:00,0,0.0
2025-02-19 21:00:00,0,0.0
2025-02-19 22:00:00,0,0.0
2025-02-19 23:00:00,0,0.0
2025-02-20 00:00:00,0,0.0
2025-02-20 01:00:00,0,0.0
2025-02-20 02:00:00,0,0.0
2025-02-20 03:00:00,0,0.0
2025-02-20 04:00:00,0,0.0
2025-02-20 05:00:00,0,0.0
2025-02-20 06:00:00,0,0.0
2025-02-20 07:00:00,1,10175.9795
2025-02-20 08:00:00,0,0.0
2025-02-20 09:00:00,0,0.0
2025-02-20 10:00:00,0,0.0
2025-02-20 11:00:00,0,0.0
2025-02-20 12:00:00,0,0.0
2025-02-20 13:00:00,0,0.0
2025-02-20 14:00:00,0,0.0
2025-02-20 15:00:00,0,0.0
2025-02-20 16:00:00,0,0.0
2025-02-20 17:00:00,5,124841.34
2025-02-20 18:00:00,0,0.0
2025-02-20 19:00:00,0,0.0
2025-02-20 20:00:00,0,0.0
2025-02-20 21:00:00,0,0.0
2025-02-20 22:00:00,0,0.0
2025-02-20 23:00:00,0,0.0
2025-02-21 00:00:00,0,0.0
2025-02-21 01:00:00,0,0.0
2025-02-21 02:00:00,0,0.0
2025-02-21 03:00:00,0,0.0
2025-02-21 04:00:00,0,0.0
2025-02-21 05:00:00,0,0.0
2025-02-21 06:00:00,0,0.0
2025-02-21 07:00:00,0,0.0
2025-02-21 08:00:00,0,0.0
2025-02-21 09:00:00,1,404.33023
2025-02-21 10:00:00,1,1775.2411
2025-02-21 11:00:00,2,2698.351
2025-02-21 12:00:00,1,582.4086
2025-02-21 13:00:00,0,0.0
2025-02-21 14:00:00,0,0.0
2025-02-21 15:00:00,5,495427.9
2025-02-21 16:00:00,4,354264.16
2025-02-21 17:00:00,0,0.0
2025-02-21 18:00:00,0,0.0
2025-02-21 19:00:00,1,11853.357
2025-02-21 20:00:00,1,26259.344
2025-02-21 21:00:00,1,30579.184
2025-02-21 22:00:00,1,23237.273
2025-02-21 23:00:00,1,25205.195
2025-02-22 00:00:00,1,18251.562
2025-02-22 01:00:00,1,7548.4595
2025-02-22 02:00:00,1,6238.3945
2025-02-22 03:00:00,0,0.0
2025-02-22 04:00:00,0,0.0
2025-02-22 05:00:00,0,0.0
2025-02-22 06:00:00,4,54367.887
2025-02-22 07:00:00,0,0.0
2025-02-22 08:00:00,0,0.0
2025-02-22 09:00:00,0,0.0
2025-02-22 10:00:00,0,0.0
2025-02-22 11:00:00,0,0.0
2025-02-22 12:00:00,0,0.0
2025-02-22 13:00:00,0,0.0
2025-02-22 14:00:00,1,6798.818
2025-02-22 15:00:00,1,5177.808
2025-02-22 16:00:00,5,363476.78
2025-02-22 17:00:00,5,395924.5
2025-02-22 18:00:00,6,149711.88
2025-02-22 19:00:00,6,53439.984
2025-02-22 20:00:00,7,126154.5
2025-02-22 21:00:00,7,108445.51
2025-02-22 22:00:00,7,111021.53
2025-02-22 23:00:00,7,93963.16
2025-02-23 00:00:00,5,52754.258
2025-02-23 01:00:00,6,66947.86
2025-02-23 02:00:00,5,35356.31
2025-02-23 03:00:00,4,26586.105
2025-02-23 04:00:00,4,25949.043
2025-02-23 05:00:00,4,16712.959
2025-02-23 06:00:00,2,16770.053
2025-02-23 07:00:00,1,13900.849
2025-02-23 08:00:00,1,26365.143
2025-02-23 09:00:00,1,28611.1
2025-02-23 10:00:00,1,34386.855
2025-02-23 11:00:00,1,33030.64
2025-02-23 12:00:00,1,32428.727
2025-02-23 13:00:00,1,20258.438
2025-02-23 14:00:00,1,16299.531
2025-02-23 15:00:00,0,0.0
2025-02-23 16:00:00,0,0.0
2025-02-23 17:00:00,0,0.0
2025-02-23 18:00:00,0,0.0
2025-02-23 19:00:00,0,0.0
2025-02-23 20:00:00,0,0.0
2025-02-23 21:00:00,0,0.0
2025-02-23 22:00:00,0,0.0
2025-02-23 23:00:00,0,0.0
2025-02-24 00:00:00,0,0.0
2025-02-24 01:00:00,0,0.0
2025-02-24 02:00:00,0,0.0
2025-02-24 03:00:00,0,0.0
2025-02-24 04:00:00,0,0.0
2025-02-24 05:00:00,0,0.0
2025-02-24 06:00:00,1,3375.0151
2025-02-24 07:00:00,0,0.0
2025-02-24 08:00:00,0,0.0
2025-02-24 09:00:00,0,0.0
2025-02-24 10:00:00,2,16522.629
2025-02-24 11:00:00,2,22507.338
2025-02-24 12:00:00,2,9154.193
2025-02-24 13:00:00,1,26.346678
2025-02-24 14:00:00,0,0.0
2025-02-24 15:00:00,0,0.0
2025-02-24 16:00:00,0,0.0
2025-02-24 17:00:00,5,206954.36
2025-02-24 18:00:00,5,80772.66
2025-02-24 19:00:00,0,0.0
2025-02-24 20:00:00,0,0.0
2025-02-24 21:00:00,0,0.0
2025-02-24 22:00:00,0,0.0
2025-02-24 23:00:00,0,0.0
2025-02-25 00:00:00,0,0.0
2025-02-25 01:00:00,0,0.0
2025-02-25 02:00:00,0,0.0
2025-02-25 03:00:00,0,0.0
2025-02-25 04:00:00,0,0.0
2025-02-25 05:00:00,0,0.0
2025-02-25 06:00:00,0,0.0
2025-02-25 07:00:00,0,0.0
2025-02-25 08:00:00,0,0.0
2025-02-25 09:00:00,0,0.0
2025-02-25 10:00:00,2,20493.72
2025-02-25 11:00:00,2,30316.283
2025-02-25 12:00:00,2,18446.125
2025-02-25 13:00:00,0,0.0
2025-02-25 14:00:00,0,0.0
2025-02-25 15:00:00,1,8409.546
2025-02-25 16:00:00,5,157676.11
2025-02-25 17:00:00,5,407429.0
2025-02-25 18:00:00,5,398809.22
2025-02-25 19:00:00,5,188168.47
2025-02-25 20:00:00,1,14316.208
2025-02-25 21:00:00,0,0.0
2025-02-25 22:00:00,0,0.0
2025-02-25 23:00:00,0,0.0
2025-02-26 00:00:00,0,0.0
2025-02-26 01:00:00,0,0.0
2025-02-26 02:00:00,0,0.0
2025-02-26 03:00:00,0,0.0
2025-02-26 04:00:00,0,0.0
2025-02-26 05:00:00,0,0.0
2025-02-26 06:00:00,1,10267.228
2025-02-26 07:00:00,1,4042.9612
2025-02-26 08:00:00,0,0.0
2025-02-26 09:00:00,0,0.0
2025-02-26 10:00:00,0,0.0
2025-02-26 11:00:00,0,0.0
2025-02-26 12:00:00,0,0.0
2025-02-26 13:00:00,0,0.0
2025-02-26 14:00:00,0,0.0
2025-02-26 15:00:00,0,0.0
2025-02-26 16:00:00,0,0.0
2025-02-26 17:00:00,0,0.0
2025-02-26 18:00:00,0,0.0
2025-02-26 19:00:00,0,0.0
2025-02-26 20:00:00,0,0.0
2025-02-26 21:00:00,0,0.0
2025-02-26 22:00:00,0,0.0
2025-02-26 23:00:00,0,0.0
2025-02-27 00:00:00,0,0.0
2025-02-27 01:00:00,0,0.0
2025-02-27 02:00:00,0,0.0
2025-02-27 03:00:00,0,0.0
2025-02-27 04:00:00,1,3606.8496
2025-02-27 05:00:00,1,6773.6816
2025-02-27 06:00:00,5,388319.28
2025-02-27 07:00:00,5,400866.62
2025-02-27 08:00:00,1,16023.666
2025-02-27 09:00:00,1,20253.266
2025-02-27 10:00:00,1,30467.086
2025-02-27 11:00:00,1,28323.99
2025-02-27 12:00:00,1,30167.297
2025-02-27 13:00:00,1,27890.838
2025-02-27 14:00:00,1,24466.828
2025-02-27 15:00:00,1,20574.783
2025-02-27 16:00:00,5,414434.78
2025-02-27 17:00:00,5,416839.34
2025-02-27 18:00:00,6,399964.94
2025-02-27 19:00:00,5,389479.44
2025-02-27 20:00:00,1,21699.508
2025-02-27 21:00:00,1,17257.28
2025-02-27 22:00:00,1,15041.488
2025-02-27 23:00:00,1,15484.771
2025-02-28 00:00:00,2,557.959
2025-02-28 01:00:00,1,11650.925
2025-02-28 02:00:00,1,17904.465
2025-02-28 03:00:00,1,14038.742
2025-02-28 04:00:00,1,16148.666
2025-02-28 05:00:00,1,22510.926
2025-02-28 06:00:00,5,297832.44
2025-02-28 07:00:00,5,410824.44
2025-02-28 08:00:00,1,25281.143
2025-02-28 09:00:00,1,23620.545
2025-02-28 10:00:00,1,26243.928
2025-02-28 11:00:00,1,22924.592
2025-02-28 12:00:00,1,8791.55
2025-02-28 13:00:00,1,18712.906
2025-02-28 14:00:00,1,25869.781
2025-02-28 15:00:00,1,21009.582
2025-02-28 16:00:00,5,180714.62
2025-02-28 17:00:00,5,413960.9
2025-02-28 18:00:00,5,384606.0
2025-02-28 19:00:00,1,15630.951
2025-02-28 20:00:00,0,0.0
2025-02-28 21:00:00,0,0.0
2025-02-28 22:00:00,0,0.0
2025-02-28 23:00:00,0,0.0
2025-03-01 00:00:00,0,0.0
2025-03-01 01:00:00,0,0.0
2025-03-01 02:00:00,0,0.0
2025-03-01 03:00:00,0,0.0
2025-03-01 04:00:00,0,0.0
2025-03-01 05:00:00,0,0.0
2025-03-01 06:00:00,0,0.0
2025-03-01 07:00:00,0,0.0
2025-03-01 08:00:00,0,0.0
2025-03-01 09:00:00,0,0.0
2025-03-01 10:00:00,0,0.0
2025-03-01 11:00:00,0,0.0
2025-03-01 12:00:00,0,0.0
2025-03-01 13:00:00,0,0.0
2025-03-01 14:00:00,0,0.0
2025-03-01 15:00:00,0,0.0
2025-03-01 16:00:00,0,0.0
2025-03-01 17:00:00,0,0.0
2025-03-01 18:00:00,0,0.0
2025-03-01 19:00:00,0,0.0
2025-03-01 20:00:00,0,0.0
2025-03-01 21:00:00,0,0.0
2025-03-01 22:00:00,0,0.0
2025-03-01 23:00:00,0,0.0
2025-03-02 00:00:00,0,0.0
2025-03-02 01:00:00,0,0.0
2025-03-02 02:00:00,0,0.0
2025-03-02 03:00:00,0,0.0
2025-03-02 04:00:00,0,0.0
2025-03-02 05:00:00,0,0.0
2025-03-02 06:00:00,0,0.0
2025-03-02 07:00:00,0,0.0
2025-03-02 08:00:00,0,0.0
2025-03-02 09:00:00,1,1473.2208
2025-03-02 10:00:00,1,38255.31
2025-03-02 11:00:00,2,60775.09
2025-03-02 12:00:00,2,64665.145
2025-03-02 13:00:00,1,43445.113
2025-03-02 14:00:00,0,0.0
2025-03-02 15:00:00,0,0.0
2025-03-02 16:00:00,4,463380.1
2025-03-02 17:00:00,4,417389.9
2025-03-02 18:00:00,4,143664.5
2025-03-02 19:00:00,0,0.0
2025-03-02 20:00:00,0,0.0
2025-03-02 21:00:00,0,0.0
2025-03-02 22:00:00,0,0.0
2025-03-02 23:00:00,0,0.0
2025-03-03 00:00:00,0,0.0
2025-03-03 01:00:00,0,0.0
2025-03-03 02:00:00,0,0.0
2025-03-03 03:00:00,0,0.0
2025-03-03 04:00:00,0,0.0
2025-03-03 05:00:00,0,0.0
2025-03-03 06:00:00,0,0.0
2025-03-03 07:00:00,0,0.0
2025-03-03 08:00:00,0,0.0
2025-03-03 09:00:00,1,19269.012
2025-03-03 10:00:00,2,49140.81
2025-03-03 11:00:00,2,60646.76
2025-03-03 12:00:00,2,53494.637
2025-03-03 13:00:00,2,28435.873
2025-03-03 14:00:00,0,0.0
2025-03-03 15:00:00,0,0.0
2025-03-03 16:00:00,1,999.0845
2025-03-03 17:00:00,5,160037.1
2025-03-03 18:00:00,1,313.05695
2025-03-03 19:00:00,0,0.0
2025-03-03 20:00:00,0,0.0
2025-03-03 21:00:00,0,0.0
2025-03-03 22:00:00,0,0.0
2025-03-03 23:00:00,0,0.0
2025-03-04 00:00:00,0,0.0
2025-03-04 01:00:00,1,6101.3564
2025-03-04 02:00:00,0,0.0
2025-03-04 03:00:00,1,12513.443
2025-03-04 04:00:00,1,6181.366
2025-03-04 05:00:00,1,14117.203
2025-03-04 06:00:00,5,406753.97
2025-03-04 07:00:00,5,411086.75
2025-03-04 08:00:00,1,22345.352
2025-03-04 09:00:00,1,8997.17
2025-03-04 10:00:00,1,5728.3477
2025-03-04 11:00:00,1,16357.346
2025-03-04 12:00:00,2,7610.94
2025-03-04 13:00:00,1,4127.8994
2025-03-04 14:00:00,1,5747.1313
2025-03-04 15:00:00,0,0.0
2025-03-04 16:00:00,1,17534.928
2025-03-04 17:00:00,5,390474.4
2025-03-04 18:00:00,5,391107.2
2025-03-04 19:00:00,1,12750.564
2025-03-04 20:00:00,1,587.3947
2025-03-04 21:00:00,0,0.0
2025-03-04 22:00:00,0,0.0
2025-03-04 23:00:00,0,0.0
2025-03-05 00:00:00,0,0.0
2025-03-05 01:00:00,0,0.0
2025-03-05 02:00:00,0,0.0
2025-03-05 03:00:00,0,0.0
2025-03-05 04:00:00,0,0.0
2025-03-05 05:00:00,1,5768.1123
2025-03-05 06:00:00,5,201978.2
2025-03-05 07:00:00,1,11427.307
2025-03-05 08:00:00,0,0.0
2025-03-05 09:00:00,0,0.0
2025-03-05 10:00:00,1,353.714
2025-03-05 11:00:00,1,6517.334
2025-03-05 12:00:00,1,8475.144
2025-03-05 13:00:00,1,749.2676
2025-03-05 14:00:00,0,0.0
2025-03-05 15:00:00,0,0.0
2025-03-05 16:00:00,1,7688.9727
2025-03-05 17:00:00,5,391460.47
2025-03-05 18:00:00,5,387233.5
2025-03-05 19:00:00,1,2090.5686
2025-03-05 20:00:00,0,0.0
2025-03-05 21:00:00,1,322.92175
2025-03-05 22:00:00,0,0.0
2025-03-05 23:00:00,0,0.0
2025-03-06 00:00:00,1,11881.79
2025-03-06 01:00:00,1,11881.5
2025-03-06 02:00:00,0,0.0
2025-03-06 03:00:00,0,0.0
2025-03-06 04:00:00,1,22159.896
2025-03-06 05:00:00,1,27745.438
2025-03-06 06:00:00,5,415610.3
2025-03-06 07:00:00,1,9127.739
2025-03-06 08:00:00,1,14609.467
2025-03-06 09:00:00,1,8816.872
2025-03-06 10:00:00,2,8952.818
2025-03-06 11:00:00,2,12600.594
2025-03-06 12:00:00,1,5171.051
2025-03-06 13:00:00,2,8727.505
2025-03-06 14:00:00,0,0.0
2025-03-06 15:00:00,0,0.0
2025-03-06 16:00:00,5,405577.34
2025-03-06 17:00:00,5,405743.22
2025-03-06 18:00:00,5,405698.97
2025-03-06 19:00:00,1,4910.263
2025-03-06 20:00:00,0,0.0
2025-03-06 21:00:00,0,0.0
2025-03-06 22:00:00,0,0.0
2025-03-06 23:00:00,0,0.0
2025-03-07 00:00:00,0,0.0
2025-03-07 01:00:00,0,0.0
2025-03-07 02:00:00,0,0.0
2025-03-07 03:00:00,0,0.0
2025-03-07 04:00:00,0,0.0
2025-03-07 05:00:00,0,0.0
2025-03-07 06:00:00,5,184430.23
2025-03-07 07:00:00,0,0.0
2025-03-07 08:00:00,0,0.0
2025-03-07 09:00:00,1,18793.64
2025-03-07 10:00:00,1,2147.8423
2025-03-07 11:00:00,1,8974.273
2025-03-07 12:00:00,0,0.0
2025-03-07 13:00:00,0,0.0
2025-03-07 14:00:00,0,0.0
2025-03-07 15:00:00,4,462312.6
2025-03-07 16:00:00,4,448766.62
2025-03-07 17:00:00,4,450189.1
2025-03-07 18:00:00,0,0.0
2025-03-07 19:00:00,0,0.0
2025-03-07 20:00:00,0,0.0
2025-03-07 21:00:00,0,0.0
2025-03-07 22:00:00,0,0.0
2025-03-07 23:00:00,0,0.0
2025-03-08 00:00:00,0,0.0
2025-03-08 01:00:00,0,0.0
2025-03-08 02:00:00,0,0.0
2025-03-08 03:00:00,0,0.0
2025-03-08 04:00:00,0,0.0
2025-03-08 05:00:00,0,0.0
2025-03-08 06:00:00,0,0.0
2025-03-08 07:00:00,0,0.0
2025-03-08 08:00:00,1,29195.877
2025-03-08 09:00:00,2,85587.85
2025-03-08 10:00:00,3,130030.24
2025-03-08 11:00:00,4,150143.4
2025-03-08 12:00:00,4,145488.23
2025-03-08 13:00:00,4,105952.33
2025-03-08 14:00:00,3,54337.984
2025-03-08 15:00:00,1,28776.643
2025-03-08 16:00:00,5,70109.52
2025-03-08 17:00:00,5,385468.56
2025-03-08 18:00:00,5,291784.53
2025-03-08 19:00:00,1,26493.64
2025-03-08 20:00:00,1,17255.387
2025-03-08 21:00:00,1,10331.5625
2025-03-08 22:00:00,1,8216.002
2025-03-08 23:00:00,1,4718.684
2025-03-09 00:00:00,0,0.0
2025-03-09 01:00:00,0,0.0
2025-03-09 02:00:00,0,0.0
2025-03-09 03:00:00,0,0.0
2025-03-09 04:00:00,0,0.0
2025-03-09 05:00:00,0,0.0
2025-03-09 06:00:00,0,0.0
2025-03-09 07:00:00,0,0.0
2025-03-09 08:00:00,1,43988.8
2025-03-09 09:00:00,3,91688.016
2025-03-09 10:00:00,3,123506.09
2025-03-09 11:00:00,5,130381.08
2025-03-09 12:00:00,4,103301.15
2025-03-09 13:00:00,1,70505.7
2025-03-09 14:00:00,2,21989.266
2025-03-09 15:00:00,0,0.0
2025-03-09 16:00:00,4,463936.75
2025-03-09 17:00:00,4,444925.34
2025-03-09 18:00:00,4,428744.78
2025-03-09 19:00:00,4,446829.84
2025-03-09 20:00:00,0,0.0
2025-03-09 21:00:00,0,0.0
2025-03-09 22:00:00,0,0.0
2025-03-09 23:00:00,0,0.0
2025-03-10 00:00:00,1,6754.031
2025-03-10 01:00:00,0,0.0
2025-03-10 02:00:00,0,0.0
2025-03-10 03:00:00,1,632.59204
2025-03-10 04:00:00,1,2979.5037
2025-03-10 05:00:00,0,0.0
2025-03-10 06:00:00,1,3234.4355
2025-03-10 07:00:00,1,1582.5254
2025-03-10 08:00:00,1,106.434906
2025-03-10 09:00:00,3,6594.8613
2025-03-10 10:00:00,3,18624.121
2025-03-10 11:00:00,3,20589.594
2025-03-10 12:00:00,3,6167.084
2025-03-10 13:00:00,2,3227.6223
2025-03-10 14:00:00,1,18623.135
2025-03-10 15:00:00,1,3845.176
2025-03-10 16:00:00,0,0.0
2025-03-10 17:00:00,1,1822.6902
2025-03-10 18:00:00,0,0.0
2025-03-10 19:00:00,0,0.0
2025-03-10 20:00:00,0,0.0
2025-03-10 21:00:00,0,0.0
2025-03-10 22:00:00,0,0.0
2025-03-10 23:00:00,0,0.0
2025-03-11 00:00:00,0,0.0
2025-03-11 01:00:00,0,0.0
2025-03-11 02:00:00,0,0.0
2025-03-11 03:00:00,0,0.0
2025-03-11 04:00:00,0,0.0
2025-03-11 05:00:00,0,0.0
2025-03-11 06:00:00,0,0.0
2025-03-11 07:00:00,0,0.0
2025-03-11 08:00:00,0,0.0
2025-03-11 09:00:00,1,1440.8112
2025-03-11 10:00:00,2,15729.092
2025-03-11 11:00:00,2,17472.273
2025-03-11 12:00:00,1,3342.5444
2025-03-11 13:00:00,0,0.0
2025-03-11 14:00:00,0,0.0
2025-03-11 15:00:00,0,0.0
2025-03-11 16:00:00,0,0.0
2025-03-11 17:00:00,5,145346.86
2025-03-11 18:00:00,5,392689.1
2025-03-11 19:00:00,5,134999.78
2025-03-11 20:00:00,0,0.0
2025-03-11 21:00:00,0,0.0
2025-03-11 22:00:00,0,0.0
2025-03-11 23:00:00,0,0.0
2025-03-12 00:00:00,0,0.0
2025-03-12 01:00:00,1,1175.3005
2025-03-12 02:00:00,1,9184.677
2025-03-12 03:00:00,1,7001.457
2025-03-12 04:00:00,0,0.0
2025-03-12 05:00:00,1,18347.717
2025-03-12 06:00:00,5,297878.2
2025-03-12 07:00:00,5,50658.77
2025-03-12 08:00:00,0,0.0
2025-03-12 09:00:00,1,10621.734
2025-03-12 10:00:00,1,23970.582
2025-03-12 11:00:00,1,18411.361
2025-03-12 12:00:00,1,25494.781
2025-03-12 13:00:00,1,13273.636
2025-03-12 14:00:00,1,6157.89
2025-03-12 15:00:00,1,2817.276
2025-03-12 16:00:00,5,398602.03
2025-03-12 17:00:00,5,403323.53
2025-03-12 18:00:00,5,405837.1
2025-03-12 19:00:00,5,399126.3
2025-03-12 20:00:00,0,0.0
2025-03-12 21:00:00,0,0.0
2025-03-12 22:00:00,0,0.0
2025-03-12 23:00:00,0,0.0
2025-03-13 00:00:00,0,0.0
2025-03-13 01:00:00,0,0.0
2025-03-13 02:00:00,0,0.0
2025-03-13 03:00:00,2,705.02026
2025-03-13 04:00:00,0,0.0
2025-03-13 05:00:00,0,0.0
2025-03-13 06:00:00,5,125025.27
2025-03-13 07:00:00,1,10422.684
2025-03-13 08:00:00,0,0.0
2025-03-13 09:00:00,0,0.0
2025-03-13 10:00:00,0,0.0
2025-03-13 11:00:00,1,8236.244
2025-03-13 12:00:00,1,4310.9434
2025-03-13 13:00:00,0,0.0
2025-03-13 14:00:00,0,0.0
2025-03-13 15:00:00,0,0.0
2025-03-13 16:00:00,1,14338.227
2025-03-13 17:00:00,5,382720.2
2025-03-13 18:00:00,5,289223.5
2025-03-13 19:00:00,0,0.0
2025-03-13 20:00:00,0,0.0
2025-03-13 21:00:00,0,0.0
2025-03-13 22:00:00,0,0.0
2025-03-13 23:00:00,0,0.0
2025-03-14 00:00:00,0,0.0
2025-03-14 01:00:00,0,0.0
2025-03-14 02:00:00,0,0.0
2025-03-14 03:00:00,0,0.0
2025-03-14 04:00:00,0,0.0
2025-03-14 05:00:00,0,0.0
2025-03-14 06:00:00,5,10644.619
2025-03-14 07:00:00,0,0.0
2025-03-14 08:00:00,0,0.0
2025-03-14 09:00:00,0,0.0
2025-03-14 10:00:00,1,29142.135
2025-03-14 11:00:00,2,42752.992
2025-03-14 12:00:00,2,43947.12
2025-03-14 13:00:00,2,24545.562
2025-03-14 14:00:00,0,0.0
2025-03-14 15:00:00,0,0.0
2025-03-14 16:00:00,5,99780.01
2025-03-14 17:00:00,5,378281.53
2025-03-14 18:00:00,4,48751.63
2025-03-14 19:00:00,0,0.0
2025-03-14 20:00:00,0,0.0
2025-03-14 21:00:00,0,0.0
2025-03-14 22:00:00,0,0.0
2025-03-14 23:00:00,0,0.0
2025-03-15 00:00:00,0,0.0
2025-03-15 01:00:00,0,0.0
2025-03-15 02:00:00,0,0.0
2025-03-15 03:00:00,0,0.0
2025-03-15 04:00:00,0,0.0
2025-03-15 05:00:00,1,3181.6748
2025-03-15 06:00:00,1,8476.671
2025-03-15 07:00:00,0,0.0
2025-03-15 08:00:00,1,792.1295
2025-03-15 09:00:00,2,34511.137
2025-03-15 10:00:00,3,45434.38
2025-03-15 11:00:00,3,41118.29
2025-03-15 12:00:00,3,21043.41
2025-03-15 13:00:00,1,25893.691
2025-03-15 14:00:00,1,19012.996
2025-03-15 15:00:00,0,0.0
2025-03-15 16:00:00,4,450039.47
2025-03-15 17:00:00,4,442118.28
2025-03-15 18:00:00,4,434654.7
2025-03-15 19:00:00,4,441903.38
2025-03-15 20:00:00,0,0.0
2025-03-15 21:00:00,0,0.0
2025-03-15 22:00:00,1,3492.9602
2025-03-15 23:00:00,1,340.78693
2025-03-16 00:00:00,0,0.0
2025-03-16 01:00:00,1,5744.4614
2025-03-16 02:00:00,1,2763.0295
2025-03-16 03:00:00,1,2671.0344
2025-03-16 04:00:00,1,2682.884
2025-03-16 05:00:00,1,3468.3267
2025-03-16 06:00:00,0,0.0
2025-03-16 07:00:00,1,6687.268
2025-03-16 08:00:00,1,12054.724
2025-03-16 09:00:00,1,16629.705
2025-03-16 10:00:00,1,27564.227
2025-03-16 11:00:00,2,41543.64
2025-03-16 12:00:00,2,47022.742
2025-03-16 13:00:00,2,48342.867
2025-03-16 14:00:00,1,26798.889
2025-03-16 15:00:00,1,25689.158
2025-03-16 16:00:00,0,0.0
2025-03-16 17:00:00,4,436808.03
2025-03-16 18:00:00,4,34054.188
2025-03-16 19:00:00,0,0.0
2025-03-16 20:00:00,0,0.0
2025-03-16 21:00:00,0,0.0
2025-03-16 22:00:00,0,0.0
2025-03-16 23:00:00,0,0.0
2025-03-17 00:00:00,0,0.0
2025-03-17 01:00:00,0,0.0
2025-03-17 02:00:00,0,0.0
2025-03-17 03:00:00,2,7716.707
2025-03-17 04:00:00,0,0.0
2025-03-17 05:00:00,5,386184.16
2025-03-17 06:00:00,5,402515.1
2025-03-17 07:00:00,1,7271.6904
2025-03-17 08:00:00,1,17243.805
2025-03-17 09:00:00,3,50893.37
2025-03-17 10:00:00,3,64926.246
2025-03-17 11:00:00,3,66498.28
2025-03-17 12:00:00,2,42799.72
2025-03-17 13:00:00,1,16948.686
2025-03-17 14:00:00,0,0.0
2025-03-17 15:00:00,0,0.0
2025-03-17 16:00:00,1,17429.307
2025-03-17 17:00:00,5,391037.9
2025-03-17 18:00:00,5,376618.62
2025-03-17 19:00:00,5,41997.34
2025-03-17 20:00:00,0,0.0
2025-03-17 21:00:00,0,0.0
2025-03-17 22:00:00,0,0.0
2025-03-17 23:00:00,0,0.0
2025-03-18 00:00:00,0,0.0
2025-03-18 01:00:00,0,0.0
2025-03-18 02:00:00,0,0.0
2025-03-18 03:00:00,0,0.0
2025-03-18 04:00:00,0,0.0
2025-03-18 05:00:00,1,8060.867
2025-03-18 06:00:00,5,165142.64
2025-03-18 07:00:00,0,0.0
2025-03-18 08:00:00,0,0.0
2025-03-18 09:00:00,0,0.0
2025-03-18 10:00:00,1,13878.22
2025-03-18 11:00:00,1,13680.664
2025-03-18 12:00:00,0,0.0
2025-03-18 13:00:00,1,3151.5808
2025-03-18 14:00:00,0,0.0
2025-03-18 15:00:00,0,0.0
2025-03-18 16:00:00,1,15747.284
2025-03-18 17:00:00,6,385415.53
2025-03-18 18:00:00,5,398816.12
2025-03-18 19:00:00,6,372989.7
2025-03-18 20:00:00,0,0.0
2025-03-18 21:00:00,0,0.0
2025-03-18 22:00:00,0,0.0
2025-03-18 23:00:00,0,0.0
2025-03-19 00:00:00,0,0.0
2025-03-19 01:00:00,0,0.0
2025-03-19 02:00:00,0,0.0
2025-03-19 03:00:00,1,5850.464
2025-03-19 04:00:00,0,0.0
2025-03-19 05:00:00,1,17215.104
2025-03-19 06:00:00,5,106274.445
2025-03-19 07:00:00,0,0.0
2025-03-19 08:00:00,0,0.0
2025-03-19 09:00:00,2,47349.414
2025-03-19 10:00:00,3,86159.62
2025-03-19 11:00:00,3,87396.586
2025-03-19 12:00:00,2,68328.43
2025-03-19 13:00:00,1,30841.125
2025-03-19 14:00:00,0,0.0
2025-03-19 15:00:00,0,0.0
2025-03-19 16:00:00,1,13301.666
2025-03-19 17:00:00,5,401009.4
2025-03-19 18:00:00,6,381037.5
2025-03-19 19:00:00,5,261408.25
2025-03-19 20:00:00,0,0.0
2025-03-19 21:00:00,0,0.0
2025-03-19 22:00:00,0,0.0
2025-03-19 23:00:00,0,0.0
2025-03-20 00:00:00,0,0.0
2025-03-20 01:00:00,0,0.0
2025-03-20 02:00:00,1,17461.09
2025-03-20 03:00:00,1,9262.367
2025-03-20 04:00:00,1,10602.813
2025-03-20 05:00:00,5,88855.75
2025-03-20 06:00:00,5,165934.55
2025-03-20 07:00:00,1,974.5941
2025-03-20 08:00:00,4,20518.938
2025-03-20 09:00:00,3,58846.543
2025-03-20 10:00:00,3,81342.625
2025-03-20 11:00:00,3,87108.195
2025-03-20 12:00:00,3,70752.91
2025-03-20 13:00:00,1,35279.77
2025-03-20 14:00:00,0,0.0
2025-03-20 15:00:00,1,2412.3
2025-03-20 16:00:00,6,351539.06
2025-03-20 17:00:00,6,398464.06
2025-03-20 18:00:00,6,398474.06
2025-03-20 19:00:00,6,402237.34
2025-03-20 20:00:00,5,42070.043
2025-03-20 21:00:00,1,2220.4055
2025-03-20 22:00:00,0,0.0
2025-03-20 23:00:00,0,0.0
2025-03-21 00:00:00,0,0.0
2025-03-21 01:00:00,0,0.0
2025-03-21 02:00:00,0,0.0
2025-03-21 03:00:00,0,0.0
2025-03-21 04:00:00,0,0.0
2025-03-21 05:00:00,0,0.0
2025-03-21 06:00:00,0,0.0
2025-03-21 07:00:00,0,0.0
2025-03-21 08:00:00,0,0.0
2025-03-21 09:00:00,0,0.0
2025-03-21 10:00:00,0,0.0
2025-03-21 11:00:00,1,10496.277
2025-03-21 12:00:00,1,12859.726
2025-03-21 13:00:00,0,0.0
2025-03-21 14:00:00,0,0.0
2025-03-21 15:00:00,0,0.0
2025-03-21 16:00:00,4,505427.84
2025-03-21 17:00:00,5,376057.78
2025-03-21 18:00:00,4,497317.88
2025-03-21 19:00:00,0,0.0
2025-03-21 20:00:00,0,0.0
2025-03-21 21:00:00,0,0.0
2025-03-21 22:00:00,0,0.0
2025-03-21 23:00:00,0,0.0
2025-03-22 00:00:00,0,0.0
2025-03-22 01:00:00,0,0.0
2025-03-22 02:00:00,0,0.0
2025-03-22 03:00:00,0,0.0
2025-03-22 04:00:00,0,0.0
2025-03-22 05:00:00,0,0.0
2025-03-22 06:00:00,0,0.0
2025-03-22 07:00:00,0,0.0
2025-03-22 08:00:00,0,0.0
2025-03-22 09:00:00,2,13223.69
2025-03-22 10:00:00,2,26463.635
2025-03-22 11:00:00,1,26746.033
2025-03-22 12:00:00,2,12049.048
2025-03-22 13:00:00,1,2161.2175
2025-03-22 14:00:00,0,0.0
2025-03-22 15:00:00,0,0.0
2025-03-22 16:00:00,4,177381.02
2025-03-22 17:00:00,4,481925.4
2025-03-22 18:00:00,4,496633.0
2025-03-22 19:00:00,4,495984.72
2025-03-22 20:00:00,0,0.0
2025-03-22 21:00:00,0,0.0
2025-03-22 22:00:00,0,0.0
2025-03-22 23:00:00,0,0.0
2025-03-23 00:00:00,0,0.0
2025-03-23 01:00:00,0,0.0
2025-03-23 02:00:00,0,0.0
2025-03-23 03:00:00,0,0.0
2025-03-23 04:00:00,0,0.0
2025-03-23 05:00:00,0,0.0
2025-03-23 06:00:00,0,0.0
2025-03-23 07:00:00,0,0.0
2025-03-23 08:00:00,0,0.0
2025-03-23 09:00:00,1,8503.641
2025-03-23 10:00:00,2,38151.25
2025-03-23 11:00:00,2,66953.32
2025-03-23 12:00:00,2,78964.45
2025-03-23 13:00:00,2,67925.84
2025-03-23 14:00:00,2,45567.66
2025-03-23 15:00:00,1,37506.805
2025-03-23 16:00:00,1,8614.983
2025-03-23 17:00:00,4,468997.03
2025-03-23 18:00:00,4,450400.9
2025-03-23 19:00:00,4,457025.7
2025-03-23 20:00:00,4,461308.28
2025-03-23 21:00:00,0,0.0
2025-03-23 22:00:00,1,8875.923
2025-03-23 23:00:00,1,17640.055
2025-03-24 00:00:00,1,22489.703
2025-03-24 01:00:00,1,16000.625
2025-03-24 02:00:00,1,21344.19
2025-03-24 03:00:00,1,18510.246
2025-03-24 04:00:00,1,22447.568
2025-03-24 05:00:00,5,115674.99
2025-03-24 06:00:00,1,14480.085
2025-03-24 07:00:00,1,29321.53
2025-03-24 08:00:00,1,50009.547
2025-03-24 09:00:00,3,36400.56
2025-03-24 10:00:00,3,31369.719
2025-03-24 11:00:00,3,28796.57
2025-03-24 12:00:00,2,14046.938
2025-03-24 13:00:00,1,37822.54
2025-03-24 14:00:00,1,37345.0
2025-03-24 15:00:00,1,43033.418
2025-03-24 16:00:00,1,30472.207
2025-03-24 17:00:00,1,22820.555
2025-03-24 18:00:00,1,24456.445
2025-03-24 19:00:00,1,36814.934
2025-03-24 20:00:00,1,31142.047
2025-03-24 21:00:00,1,20827.443
2025-03-24 22:00:00,1,18665.213
2025-03-24 23:00:00,1,9661.257
2025-03-25 00:00:00,0,0.0
2025-03-25 01:00:00,0,0.0
2025-03-25 02:00:00,0,0.0
2025-03-25 03:00:00,0,0.0
2025-03-25 04:00:00,0,0.0
2025-03-25 05:00:00,0,0.0
2025-03-25 06:00:00,0,0.0
2025-03-25 07:00:00,0,0.0
2025-03-25 08:00:00,0,0.0
2025-03-25 09:00:00,1,32785.414
2025-03-25 10:00:00,2,51995.21
2025-03-25 11:00:00,2,66052.35
2025-03-25 12:00:00,3,75546.37
2025-03-25 13:00:00,2,62986.76
2025-03-25 14:00:00,2,30592.352
2025-03-25 15:00:00,0,0.0
2025-03-25 16:00:00,6,66361.11
2025-03-25 17:00:00,6,399176.9
2025-03-25 18:00:00,5,401275.66
2025-03-25 19:00:00,5,325274.84
2025-03-25 20:00:00,0,0.0
2025-03-25 21:00:00,0,0.0
2025-03-25 22:00:00,0,0.0
2025-03-25 23:00:00,0,0.0
