bid1,v1,bid2,v2,x1,y1,x2,y2,approx_dist_km,trafo_status
2207,110,3925,220,7.019904800000001,51.5615742,7.019904800000001,51.5615742,0.000,MISSING
5270,110,5606,220,6.7264064,51.5195796,6.7264064,51.5195796,0.000,MISSING
6876,110,7566,220,6.650584,51.5533988,6.650667500000001,51.553702300000005,0.035,MISSING
39282,110,39558,220,13.305765586233877,52.23079683634844,13.306340695859848,52.23082066002767,0.064,MISSING
35690,110,37312,220,6.664781482352115,50.9883810614097,6.664952480037685,50.98770688634185,0.077,MISSING
10328,110,11486,220,7.970253400000001,50.9541527,7.9695049,50.9541103,0.083,MISSING
36241,110,39356,220,6.812032435431693,51.51923899676012,6.8124143683267,51.519927845331175,0.087,MISSING
35360,110,39333,220,9.145084451718358,52.85279753984992,9.14525540455062,52.85362749136264,0.094,MISSING
2416,110,3034,220,6.9365803,51.1415501,6.9357514,51.1420911,0.110,MISSING
35285,110,39314,220,9.988361727823069,53.765936154720805,9.988549942726362,53.766911518972286,0.110,MISSING
35703,110,39458,220,9.72703059547631,54.2920108395428,9.726960959542495,54.2909483054181,0.118,MISSING
37493,110,39326,220,11.326780376177682,49.39299819075278,11.32714423418942,49.39400906866628,0.119,MISSING
35964,110,39251,220,14.034194323994042,53.50846646518773,14.033539122948156,53.50758634532222,0.122,MISSING
36192,110,37961,220,10.734635272043953,51.441298010190735,10.734669450629,51.44018679097661,0.123,MISSING
37880,110,38836,220,8.512162509222842,49.29448806689552,8.511568709329763,49.29351704676071,0.126,MISSING
34925,110,39334,220,8.659610012459455,52.00034857382484,8.659214623379532,51.999116957559146,0.144,MISSING
39135,110,39138,220,9.88352459579955,51.51557462115947,9.882236528721029,51.51543259723413,0.144,MISSING
24086,110,39155,220,12.2167983,48.5866004,12.216864085479104,48.58793355527016,0.148,MISSING
35320,110,39321,220,8.932880076577137,52.19344813112031,8.931484042273178,52.19315479134929,0.158,MISSING
35426,110,39273,220,13.07796657824258,54.2855934289143,13.0792365937709,54.28475789860841,0.169,MISSING
37338,110,39328,220,9.249511097600768,53.11377011851981,9.250434911442971,53.11499931513949,0.171,MISSING
36141,110,39346,220,7.010023248773772,52.17729076051084,7.011600422827155,52.17763913797469,0.179,MISSING
39210,110,39283,220,13.304414531390682,52.231687845001886,13.305765586233877,52.23079683634844,0.180,MISSING
2630,110,4217,220,6.5839531,51.4395796,6.5835533,51.4379647,0.185,MISSING
38639,110,39368,220,10.087649794874086,52.31512566651798,10.08720389319712,52.3167497614755,0.187,MISSING
5249,110,5759,220,6.7708900000000005,51.529320600000005,6.770576200000001,51.5310204,0.192,MISSING
37455,110,39411,220,11.646043667505122,50.534326600156895,11.64534704571244,50.53596277912805,0.197,MISSING
2547,110,4010,220,7.1785706000000005,51.423591300000005,7.179217,51.421828700000006,0.208,MISSING
39469,110,39472,220,8.052627229803113,53.334960837497285,8.052012197053083,53.33307136740971,0.221,MISSING
39210,110,39558,220,13.304414531390682,52.231687845001886,13.306340695859848,52.23082066002767,0.234,MISSING
35780,110,37961,220,10.736411657790825,51.43890432121393,10.734669450629,51.44018679097661,0.240,MISSING
36146,110,39301,220,9.850759391412176,51.64914224419812,9.852928400878314,51.64927355446412,0.241,MISSING
37529,110,39240,220,13.710001853833573,52.53916797794064,13.70998661477319,52.541410686318194,0.249,MISSING
35741,110,39289,220,11.11981695512298,50.99913579352918,11.121629012063108,51.00056065447514,0.256,MISSING
39198,110,39301,220,9.851509193873897,51.64744842639764,9.852928400878314,51.64927355446412,0.257,MISSING
36095,110,39307,220,7.709038739055081,51.67646671921386,7.707251732454117,51.67498467731031,0.258,MISSING
37352,110,39322,220,7.890386064217829,52.27794041517114,7.888048605195514,52.2775993000819,0.262,MISSING
35406,110,39211,220,13.302942360157438,52.23353641483878,13.304414531390682,52.231687845001886,0.262,MISSING
39466,110,39472,220,8.053978897380992,53.33175068895626,8.052012197053083,53.33307136740971,0.263,MISSING
36296,110,36300,220,6.801901926183781,51.12493154312898,6.800926567669436,51.122741406475456,0.266,MISSING
35227,110,39213,220,12.942934968142938,52.56249764066207,12.940721729327564,52.56349194665249,0.269,MISSING
35964,110,39903,220,14.034194323994042,53.50846646518773,14.036326565244094,53.507163250001526,0.277,MISSING
37608,110,39289,220,11.123140782291909,50.9985213554333,11.121629012063108,51.00056065447514,0.282,MISSING
35390,110,39420,220,12.11438092678556,49.63110584983995,12.117056106374422,49.6310409093979,0.297,MISSING
38253,110,38473,220,7.029982785409355,49.334660450376205,7.032657738999395,49.33473737285781,0.297,MISSING
35962,110,38118,220,14.27065698816345,53.0960179911851,14.268638974984714,53.09783446837545,0.301,MISSING
2063,110,3475,220,7.1044713,51.4807885,7.104841,51.4780839,0.303,MISSING
35616,110,39430,220,12.187783572738413,53.81650473574705,12.185485056826556,53.81502079087587,0.304,MISSING
35678,110,39265,220,12.517063548402716,51.15625143714208,12.519533915607822,51.15742764266873,0.304,MISSING
35227,110,39215,220,12.942934968142938,52.56249764066207,12.940597003468826,52.56101411828772,0.307,MISSING
7098,110,37348,220,6.8682185,51.4442128,6.868911667667838,51.44692875399185,0.311,MISSING
36578,110,36581,220,7.1793735139746016,51.47220069994448,7.180005676045837,51.47494727152525,0.313,MISSING
39250,110,39903,220,14.033539122948156,53.50758634532222,14.036326565244094,53.507163250001526,0.313,MISSING
23945,110,35072,220,13.103140000000002,48.663993600000005,13.103168324093213,48.66682263363442,0.314,MISSING
2033,110,36300,220,6.8003426000000005,51.119931,6.800926567669436,51.122741406475456,0.319,MISSING
148,110,35674,220,8.4487311,49.007455,8.45161636716886,49.00739652557872,0.320,MISSING
3347,110,4606,220,7.313084300000001,52.4698864,7.3117459,52.467247500000006,0.328,MISSING
35780,110,36193,220,10.736411657790825,51.43890432121393,10.734635272043953,51.441298010190735,0.331,MISSING
35420,110,35422,220,7.049715749348086,50.90372347441465,7.047357686753464,50.90555952185957,0.332,MISSING
167,110,34880,220,8.121327,53.557822,8.122640291179865,53.56051735010917,0.333,MISSING
8747,110,38885,220,7.475849800000001,51.6138251,7.477410907544958,51.616409162285336,0.335,MISSING
2065,110,2898,220,7.1462924,51.504831300000006,7.1493209,51.5045259,0.338,MISSING
39238,110,39240,220,13.707028804050216,52.54032503768827,13.70998661477319,52.541410686318194,0.350,MISSING
6024,110,34958,220,6.682518600000001,51.6436853,6.680791090181257,51.64632662719794,0.350,MISSING
37529,110,39239,220,13.710001853833573,52.53916797794064,13.707028804050216,52.54032503768827,0.354,MISSING
35171,110,39435,220,11.639147591424257,52.26896991806888,11.636586519645238,52.2669680548936,0.361,MISSING
35540,110,36687,220,10.083751340058903,48.26886749670415,10.082130359178707,48.26603782164344,0.362,MISSING
35676,110,38737,220,8.349126149166882,49.01305215600321,8.347699299999999,49.01600545,0.364,MISSING
21212,110,35022,220,10.160496,49.9925001,10.160303312667772,49.9891567500025,0.372,MISSING
36731,110,38572,220,7.751862552442653,48.09640574882996,7.753495510341047,48.09935573352422,0.374,MISSING
35741,110,37609,220,11.11981695512298,50.99913579352918,11.123140782291909,50.9985213554333,0.375,MISSING
35964,110,39904,220,14.034194323994042,53.50846646518773,14.036612425613116,53.50603502593475,0.381,MISSING
21207,110,39188,220,10.1946172,50.02641130000001,10.1973800566924,50.028454416764,0.381,MISSING
39250,110,39904,220,14.033539122948156,53.50758634532222,14.036612425613116,53.50603502593475,0.382,MISSING
39466,110,39470,220,8.053978897380992,53.33175068895626,8.052627229803113,53.334960837497285,0.387,MISSING
27756,110,36732,220,7.749887200000001,48.09349640000001,7.751862552442653,48.09640574882996,0.390,MISSING
34963,110,38539,220,6.715197472199203,51.52680805339451,6.711960470071324,51.5283135820712,0.396,MISSING
34765,110,38392,220,6.842650702727906,50.86353852296158,6.842231210471615,50.859864737324976,0.410,MISSING
981,110,34887,220,9.8243739,52.4274503,9.821583888142673,52.42485528793159,0.423,MISSING
35837,110,38022,220,8.741410729779412,51.7000675793619,8.737546051399871,51.70014099021845,0.429,MISSING
9868,110,36829,220,7.9825813,50.8452269,7.985069668433605,50.84222341097669,0.433,MISSING
50,110,104,220,8.4250901,48.961411700000006,8.4286507,48.9598157,0.433,MISSING
35406,110,39283,220,13.302942360157438,52.23353641483878,13.305765586233877,52.23079683634844,0.437,MISSING
38641,110,39368,220,10.08911746622148,52.313292611699154,10.08720389319712,52.3167497614755,0.439,MISSING
37162,110,38473,220,7.03126458927318,49.33089739512573,7.032657738999395,49.33473737285781,0.453,MISSING
3458,110,35050,220,6.6277151000000005,51.256987200000005,6.625829004351698,51.26061129810626,0.453,MISSING
6051,110,35066,220,6.9306456,51.4978752,6.926758989258765,51.49920569667793,0.456,MISSING
35077,110,37348,220,6.872873666479579,51.44578338119033,6.868911667667838,51.44692875399185,0.458,MISSING
25811,110,36166,220,9.0495563,48.9031893,9.04543545075604,48.90296099705386,0.458,MISSING
24086,110,36633,220,12.2167983,48.5866004,12.220835400057924,48.585732999035706,0.458,MISSING
36530,110,37983,220,7.308241793856218,52.47679095339883,7.306024260406463,52.48031314822937,0.462,MISSING
7638,110,36393,220,6.9994167,49.3783491,6.9964592026997074,49.37540332206004,0.463,MISSING
9004,110,37665,220,8.5889209,49.8114476,8.588596425193431,49.81563371573577,0.466,MISSING
5270,110,5599,220,6.7264064,51.5195796,6.7306271,51.519948500000005,0.470,MISSING
2866,110,37348,220,6.8721429,51.4496909,6.868911667667838,51.44692875399185,0.472,MISSING
4059,110,35224,220,10.1599341,54.27336,10.1562825085559,54.275548275875565,0.473,MISSING
13389,110,35541,220,10.0863773,48.265508700000005,10.083751340058903,48.26886749670415,0.473,MISSING
13389,110,36687,220,10.0863773,48.265508700000005,10.082130359178707,48.26603782164344,0.475,MISSING
35703,110,35781,220,9.72703059547631,54.2920108395428,9.725986368902143,54.28780684054939,0.481,MISSING
35406,110,39558,220,13.302942360157438,52.23353641483878,13.306340695859848,52.23082066002767,0.483,MISSING
37489,110,38527,220,11.807606343131445,48.4554275398014,11.80314247067629,48.45525118561103,0.496,MISSING
36632,110,39155,220,12.220835400057924,48.585732999035706,12.216864085479104,48.58793355527016,0.504,MISSING
36559,110,39430,220,12.188222024444782,53.81134802824029,12.185485056826556,53.81502079087587,0.508,MISSING
36530,110,37985,220,7.308241793856218,52.47679095339883,7.306369691249491,52.48098047292697,0.509,MISSING
38084,110,38527,220,11.798615221140508,48.4562630274074,11.80314247067629,48.45525118561103,0.515,MISSING
5270,110,39902,220,6.7264064,51.5195796,6.730803805417802,51.52109600295139,0.516,MISSING
38143,110,38146,220,12.4780535828535,50.74846855643051,12.477264703550642,50.75311281698494,0.523,MISSING
7809,110,39307,220,7.705838000000001,51.670471000000006,7.707251732454117,51.67498467731031,0.525,MISSING
36904,110,38664,220,10.319143649800106,47.68273023065868,10.32351735,47.6808778,0.527,MISSING
14434,110,35488,220,9.8014989,52.0032329,9.797336150166112,52.00083922200656,0.533,MISSING
36745,110,37893,220,7.42865818266452,50.437071308015504,7.4334867488207,50.43651922060365,0.539,MISSING
3347,110,37401,220,7.313084300000001,52.4698864,7.317999853080932,52.46903259983639,0.554,MISSING
3574,110,36083,220,7.017781800000001,50.6189243,7.012850436235672,50.61770844908924,0.564,MISSING
36077,110,36081,220,8.958708591309906,50.08260779176915,8.954644163142357,50.08601575066757,0.589,MISSING
29498,110,34836,220,8.776548100000001,49.9712241,8.77224242774012,49.97455267991119,0.604,MISSING
2058,110,37841,220,7.858929700000001,50.7712313,7.863784835138322,50.76810526070061,0.641,MISSING
41,110,34743,220,11.3654168,48.288584500000006,11.37041362990128,48.29149077431964,0.642,MISSING
38029,110,38682,220,8.566855442106691,49.52382573348911,8.563087100000002,49.52853630000001,0.670,MISSING
34879,110,39101,220,9.890854237792569,52.36548284830103,9.895526646779569,52.36066824289711,0.745,MISSING
36296,110,36298,380,6.801901926183781,51.12493154312898,6.801901926183781,51.12493154312898,0.000,MISSING
34768,110,34770,380,6.972686737706853,50.79566543063813,6.972686737706853,50.79566543063813,0.000,MISSING
37862,110,37864,380,8.547358593021409,49.44021694142026,8.547358593021409,49.44021694142026,0.000,MISSING
35017,110,35019,380,10.843105595807904,49.37870895490451,10.843105595807904,49.37870895490451,0.000,MISSING
34835,110,34837,380,8.77224242774012,49.97455267991119,8.77224242774012,49.97455267991119,0.000,MISSING
35368,110,35370,380,12.082217467816522,49.2974951646606,12.082217467816522,49.2974951646606,0.000,MISSING
34771,110,34773,380,7.192410168463042,50.79890016560991,7.192410168463042,50.79890016560991,0.000,MISSING
36530,110,36532,380,7.308241793856218,52.47679095339883,7.308241793856218,52.47679095339883,0.000,MISSING
38117,110,38119,380,14.268638974984714,53.09783446837545,14.268638974984714,53.09783446837545,0.000,MISSING
36036,110,36038,380,9.885508871535515,48.30406967249351,9.885508871535515,48.30406967249351,0.000,MISSING
35895,110,35897,380,8.104639054942613,52.26510433428031,8.104639054942613,52.26510433428031,0.000,MISSING
36063,110,36065,380,10.11739845870108,48.89713778809889,10.11739845870108,48.89713778809889,0.000,MISSING
35227,110,35229,380,12.942934968142938,52.56249764066207,12.942934968142938,52.56249764066207,0.000,MISSING
39327,110,39329,380,9.250434911442971,53.11499931513949,9.250434911442971,53.11499931513949,0.000,MISSING
36666,110,36668,380,6.773210913026517,49.29108364341995,6.773210913026517,49.29108364341995,0.000,MISSING
34963,110,34965,380,6.715197472199203,51.52680805339451,6.715197472199203,51.52680805339451,0.000,MISSING
35021,110,35023,380,10.160303312667772,49.9891567500025,10.160303312667772,49.9891567500025,0.000,MISSING
35065,110,35067,380,6.926758989258765,51.49920569667793,6.926758989258765,51.49920569667793,0.000,MISSING
38971,110,38973,380,10.213738841470423,47.93872175518876,10.213738841470423,47.93872175518876,0.000,MISSING
39404,110,39406,380,7.172010930846214,51.55492198489481,7.172010930846214,51.55492198489481,0.000,MISSING
35006,110,35008,380,8.389618629206485,49.98247934596147,8.389618629206485,49.98247934596147,0.000,MISSING
35134,110,35136,380,9.190792677545476,48.91441508696246,9.190792677545476,48.91441508696246,0.000,MISSING
39345,110,39347,380,7.011600422827155,52.17763913797469,7.011600422827155,52.17763913797469,0.000,MISSING
35400,110,35402,380,7.179765081080847,51.5477933774321,7.179765081080847,51.5477933774321,0.000,MISSING
36392,110,36394,380,6.9964592026997074,49.37540332206004,6.9964592026997074,49.37540332206004,0.000,MISSING
35558,110,35560,380,9.64534106910629,47.74459749311034,9.64534106910629,47.74459749311034,0.000,MISSING
37758,110,37760,380,8.41937316081906,49.63371907557302,8.41937316081906,49.63371907557302,0.000,MISSING
37813,110,37815,380,6.47506298271469,49.92260878546448,6.47506298271469,49.92260878546448,0.000,MISSING
36165,110,36167,380,9.04543545075604,48.90296099705386,9.04543545075604,48.90296099705386,0.000,MISSING
35540,110,35542,380,10.083751340058903,48.26886749670415,10.083751340058903,48.26886749670415,0.000,MISSING
35574,110,35576,380,8.2588276632644,47.63420888668645,8.2588276632644,47.63420888668645,0.000,MISSING
36218,110,36220,380,8.673717359625044,49.29043940679095,8.673717359625044,49.29043940679095,0.000,MISSING
37352,110,37354,380,7.890386064217829,52.27794041517114,7.890386064217829,52.27794041517114,0.000,MISSING
39300,110,39302,380,9.852928400878314,51.64927355446412,9.852928400878314,51.64927355446412,0.000,MISSING
36077,110,36079,380,8.958708591309906,50.08260779176915,8.958708591309906,50.08260779176915,0.000,MISSING
37825,110,37827,380,7.729027530463336,49.48275269326087,7.729027530463336,49.48275269326087,0.000,MISSING
37540,110,37542,380,11.58137197036542,48.76489385387552,11.58137197036542,48.76489385387552,0.000,MISSING
35453,110,35455,380,7.725695780283424,52.27718649503925,7.725695780283424,52.27718649503925,0.000,MISSING
39264,110,39266,380,12.519533915607822,51.15742764266873,12.519533915607822,51.15742764266873,0.000,MISSING
34957,110,34959,380,6.680791090181257,51.64632662719794,6.680791090181257,51.64632662719794,0.000,MISSING
37455,110,37457,380,11.646043667505122,50.534326600156895,11.646043667505122,50.534326600156895,0.000,MISSING
37664,110,37666,380,8.588596425193431,49.81563371573577,8.588596425193431,49.81563371573577,0.000,MISSING
34842,110,34844,380,6.617199413011058,51.4758372811111,6.617199413011058,51.4758372811111,0.000,MISSING
34867,110,34869,380,8.435130722816417,50.05903583101519,8.435130722816417,50.05903583101519,0.000,MISSING
35390,110,35392,380,12.11438092678556,49.63110584983995,12.11438092678556,49.63110584983995,0.000,MISSING
35046,110,35048,380,11.50775232725622,48.761130610523466,11.50775232725622,48.761130610523466,0.000,MISSING
39282,110,39284,380,13.305765586233877,52.23079683634844,13.305765586233877,52.23079683634844,0.000,MISSING
37611,110,37613,380,9.091835332635767,49.29461883180298,9.091835332635767,49.29461883180298,0.000,MISSING
35071,110,35073,380,13.103168324093213,48.66682263363442,13.103168324093213,48.66682263363442,0.000,MISSING
35712,110,35714,380,8.307759802756838,52.34563594954145,8.307759802756838,52.34563594954145,0.000,MISSING
39440,110,39442,380,10.760835327266625,53.90974536547805,10.760835327266625,53.90974536547805,0.000,MISSING
35140,110,35142,380,8.702218487068027,51.736352600924384,8.702218487068027,51.736352600924384,0.000,MISSING
35276,110,35278,380,6.7097559467998105,51.090932471999935,6.7097559467998105,51.090932471999935,0.000,MISSING
38642,110,38644,380,9.387640755119856,51.64073490727583,9.387640755119856,51.64073490727583,0.000,MISSING
34742,110,34744,380,11.37041362990128,48.29149077431964,11.37041362990128,48.29149077431964,0.000,MISSING
39471,110,39473,380,8.052012197053083,53.33307136740971,8.052012197053083,53.33307136740971,0.000,MISSING
34756,110,34758,380,6.93491992733071,51.03353846047781,6.93491992733071,51.03353846047781,0.000,MISSING
35515,110,35517,380,9.201683603864106,53.89581463975587,9.201683603864106,53.89581463975587,0.000,MISSING
34753,110,34755,380,9.984058791561043,53.74147911235288,9.984058791561043,53.74147911235288,0.000,MISSING
36299,110,36301,380,6.800926567669436,51.122741406475456,6.800926567669436,51.122741406475456,0.000,MISSING
37840,110,37842,380,7.863784835138322,50.76810526070061,7.863784835138322,50.76810526070061,0.000,MISSING
37027,110,37029,380,11.810849310920409,50.18370902131012,11.810849310920409,50.18370902131012,0.000,MISSING
36866,110,36868,380,7.240374772306966,49.35764976438088,7.240374772306966,49.35764976438088,0.000,MISSING
36082,110,36084,380,7.012850436235672,50.61770844908924,7.012850436235672,50.61770844908924,0.000,MISSING
36095,110,36097,380,7.709038739055081,51.67646671921386,7.709038739055081,51.67646671921386,0.000,MISSING
39244,110,39246,380,12.81442145413348,50.85678022161893,12.81442145413348,50.85678022161893,0.000,MISSING
36443,110,36445,380,10.362499738474469,47.73865994398617,10.362499738474469,47.73865994398617,0.000,MISSING
35002,110,35004,380,7.505982918763768,51.4016067641739,7.505982918763768,51.4016067641739,0.000,MISSING
35616,110,35618,380,12.187783572738413,53.81650473574705,12.187783572738413,53.81650473574705,0.000,MISSING
34809,110,34811,380,6.804550264468851,50.96624767849495,6.804550264468851,50.96624767849495,0.000,MISSING
38571,110,38573,380,7.753495510341047,48.09935573352422,7.753495510341047,48.09935573352422,0.000,MISSING
37529,110,37531,380,13.710001853833573,52.53916797794064,13.710001853833573,52.53916797794064,0.000,MISSING
35100,110,35102,380,9.425344076806477,48.06443972511009,9.425344076806477,48.06443972511009,0.000,MISSING
37342,110,37344,380,7.1257288028618,51.44906599034108,7.1257288028618,51.44906599034108,0.000,MISSING
34925,110,34927,380,8.659610012459455,52.00034857382484,8.659610012459455,52.00034857382484,0.000,MISSING
39000,110,39002,380,7.175168950000001,51.48233625,7.175168950000001,51.48233625,0.000,MISSING
2065,110,3079,380,7.1462924,51.504831300000006,7.1462924,51.504831300000006,0.000,MISSING
35385,110,35387,380,7.0602217221226224,51.6963974773687,7.0602217221226224,51.6963974773687,0.000,MISSING
36542,110,36544,380,7.167956726297298,51.38931989154419,7.167956726297298,51.38931989154419,0.000,MISSING
34759,110,34761,380,6.965533742474561,51.06993601928015,6.965533742474561,51.06993601928015,0.000,MISSING
35621,110,35623,380,8.474707083954415,53.42865120708045,8.474707083954415,53.42865120708045,0.000,MISSING
35469,110,35471,380,13.956826534077685,53.252375027293134,13.956826534077685,53.252375027293134,0.000,MISSING
37608,110,37610,380,11.123140782291909,50.9985213554333,11.123140782291909,50.9985213554333,0.000,MISSING
38044,110,38046,380,7.593298308071136,50.3859466537668,7.593298308071136,50.3859466537668,0.000,MISSING
35171,110,35173,380,11.639147591424257,52.26896991806888,11.639147591424257,52.26896991806888,0.000,MISSING
39210,110,39212,380,13.304414531390682,52.231687845001886,13.304414531390682,52.231687845001886,0.000,MISSING
35024,110,35026,380,8.518881857347319,53.20263529993821,8.518881857347319,53.20263529993821,0.000,MISSING
37834,110,37836,380,8.313340225406103,49.0090434726611,8.313340225406103,49.0090434726611,0.000,MISSING
37602,110,37604,380,9.694754670345748,49.232812253259965,9.694754670345748,49.232812253259965,0.000,MISSING
34765,110,34767,380,6.842650702727906,50.86353852296158,6.842650702727906,50.86353852296158,0.000,MISSING
38821,110,38823,380,7.449489147076842,50.4025303263638,7.449489147076842,50.4025303263638,0.000,MISSING
39466,110,39468,380,8.053978897380992,53.33175068895626,8.053978897380992,53.33175068895626,0.000,MISSING
38406,110,39511,380,8.9962082218446,52.379588024023775,8.99593298276418,52.37910431522246,0.062,MISSING
19493,110,19951,380,8.5438221,49.45123400000001,8.544441500000001,49.4515654,0.078,MISSING
34920,110,39269,380,10.761248371477684,52.36745365155272,10.76067151725644,52.3682181703225,0.106,MISSING
35310,110,39281,380,10.378894247753468,53.21941896987637,10.378587794340874,53.22033533958991,0.107,MISSING
36641,110,38661,380,12.853318030996972,48.76508569478315,12.85381530378627,48.76420944481775,0.112,MISSING
37949,110,39295,380,9.513830681321174,51.2589793702805,9.51486055389124,51.259120705222,0.115,MISSING
38008,110,39236,380,14.219199172839534,51.11999753769837,14.219177398334534,51.12109372719197,0.122,MISSING
35779,110,39254,380,11.64452553620442,51.90930884120306,11.64404738157065,51.908273555634885,0.127,MISSING
38778,110,39232,380,13.14322577051569,53.90894119557118,13.143224660712638,53.90779757419615,0.127,MISSING
35116,110,39263,380,12.262900982854816,51.74152408616802,12.261947564278712,51.74088636647456,0.127,MISSING
35489,110,35490,380,13.211875605291915,52.57945730966081,13.211537101561843,52.58065166569597,0.138,MISSING
39098,110,39279,380,13.17506248535313,53.62477798912361,13.174668468897462,53.62359937452192,0.138,MISSING
37878,110,39297,380,10.385444165957152,51.00129582003664,10.386350947947534,51.00214825938572,0.138,MISSING
36022,110,36452,380,8.992870608737077,51.34301146956346,8.993121550000003,51.3442648,0.142,MISSING
34925,110,39335,380,8.659610012459455,52.00034857382484,8.659214623379532,51.999116957559146,0.144,MISSING
37935,110,39260,380,12.0455074581838,50.78094886931935,12.04536935651404,50.78225511147877,0.146,MISSING
36291,110,39123,380,7.195890131664687,52.87014673186854,7.194564904714304,52.86984106566871,0.151,MISSING
39303,110,39305,380,7.034948633916239,52.20299653514868,7.034688605267841,52.2015737266484,0.161,MISSING
38628,110,39316,380,8.894183914081816,52.56415396015578,8.895627171590714,52.56398997029615,0.161,MISSING
36095,110,39309,380,7.709038739055081,51.67646671921386,7.708168651526973,51.67767780057307,0.166,MISSING
34945,110,39293,380,9.39017530620737,52.02668689098181,9.38902645662256,52.0256892223463,0.169,MISSING
37338,110,39329,380,9.249511097600768,53.11377011851981,9.250434911442971,53.11499931513949,0.171,MISSING
35477,110,39424,380,10.414507791295142,53.41431843146706,10.413512624756384,53.41310762295647,0.174,MISSING
36141,110,39347,380,7.010023248773772,52.17729076051084,7.011600422827155,52.17763913797469,0.179,MISSING
39210,110,39284,380,13.304414531390682,52.231687845001886,13.305765586233877,52.23079683634844,0.180,MISSING
39248,110,39423,380,10.418299361545682,53.41216549951411,10.41676257655827,53.4116548678373,0.180,MISSING
35824,110,39258,380,12.789517545549934,50.6272242220944,12.7877695971325,50.62710313504474,0.194,MISSING
38917,110,39399,380,9.077808536774338,54.51120055847426,9.07924925961155,54.510178704543215,0.196,MISSING
37455,110,39413,380,11.646043667505122,50.534326600156895,11.647680674314016,50.53502412215024,0.198,MISSING
34747,110,39217,380,13.493782769388146,52.58972495179812,13.49555751135716,52.58991278931928,0.198,MISSING
36738,110,36740,380,6.997243905489623,51.250068215567445,6.998302472137183,51.2485937538772,0.201,MISSING
35029,110,39417,380,11.193166069042071,50.16207719805994,11.1950851186441,50.16245798450917,0.217,MISSING
36334,110,36744,380,8.065794350111554,50.40646889792416,8.067588089472958,50.4056493971955,0.219,MISSING
39469,110,39473,380,8.052627229803113,53.334960837497285,8.052012197053083,53.33307136740971,0.221,MISSING
39119,110,39121,380,7.276542447791422,52.319307443686654,7.278589348573849,52.31942225509948,0.228,MISSING
37652,110,39207,380,7.91073206194393,48.50128781288417,7.908705137768472,48.50178996803233,0.232,MISSING
36080,110,38327,380,8.954644163142357,50.08601575066757,8.952765887981995,50.08698783856528,0.235,MISSING
36146,110,39302,380,9.850759391412176,51.64914224419812,9.852928400878314,51.64927355446412,0.241,MISSING
36642,110,38661,380,12.851784078347348,48.763285409713,12.85381530378627,48.76420944481775,0.248,MISSING
39198,110,39302,380,9.851509193873897,51.64744842639764,9.852928400878314,51.64927355446412,0.257,MISSING
37352,110,39323,380,7.890386064217829,52.27794041517114,7.888048605195514,52.2775993000819,0.262,MISSING
35406,110,39212,380,13.302942360157438,52.23353641483878,13.304414531390682,52.231687845001886,0.262,MISSING
36641,110,36643,380,12.853318030996972,48.76508569478315,12.851784078347348,48.763285409713,0.263,MISSING
39466,110,39473,380,8.053978897380992,53.33175068895626,8.052012197053083,53.33307136740971,0.263,MISSING
36296,110,36301,380,6.801901926183781,51.12493154312898,6.800926567669436,51.122741406475456,0.266,MISSING
36055,110,36056,380,9.045842670090623,51.16596261601206,9.047412739003356,51.16778725283144,0.267,MISSING
35365,110,39494,380,9.113284847390236,52.543851849434965,9.114842769580806,52.545747301708126,0.272,MISSING
3848,110,10425,380,7.971372700000001,51.669769200000005,7.972979,51.6718081,0.288,MISSING
35448,110,39305,380,7.034650396991815,52.2041974058308,7.034688605267841,52.2015737266484,0.291,MISSING
34833,110,39243,380,13.84012158871776,50.99094571997068,13.842318804824457,50.98949485048541,0.292,MISSING
35619,110,39218,380,12.213671692980029,54.09974495119379,12.216090433950455,54.100890899527386,0.297,MISSING
34753,110,39312,380,9.984058791561043,53.74147911235288,9.98632436010763,53.740033045661065,0.298,MISSING
35962,110,38119,380,14.27065698816345,53.0960179911851,14.268638974984714,53.09783446837545,0.301,MISSING
2063,110,3084,380,7.1044713,51.4807885,7.104841,51.4780839,0.303,MISSING
35678,110,39266,380,12.517063548402716,51.15625143714208,12.519533915607822,51.15742764266873,0.304,MISSING
39327,110,39331,380,9.250434911442971,53.11499931513949,9.253227136428483,53.11481546611161,0.311,MISSING
23945,110,35073,380,13.103140000000002,48.663993600000005,13.103168324093213,48.66682263363442,0.314,MISSING
39306,110,39309,380,7.707251732454117,51.67498467731031,7.708168651526973,51.67767780057307,0.316,MISSING
39003,110,39893,380,7.455119082144279,51.41240764475225,7.452823841096228,51.41072571439235,0.316,MISSING
2033,110,36301,380,6.8003426000000005,51.119931,6.800926567669436,51.122741406475456,0.319,MISSING
7012,110,34976,380,8.563817400000001,53.0295184,8.565213707490974,53.032107804569016,0.327,MISSING
35543,110,38383,380,10.40158692055041,48.50992975918763,10.40317855,48.5125164,0.337,MISSING
37939,110,39223,380,13.90331352780074,51.873579659889,13.90131317295639,51.87594786466801,0.344,MISSING
6024,110,34959,380,6.682518600000001,51.6436853,6.680791090181257,51.64632662719794,0.350,MISSING
36017,110,36056,380,9.050064882167764,51.166045256327536,9.047412739003356,51.16778725283144,0.352,MISSING
35621,110,37291,380,8.474707083954415,53.42865120708045,8.477910650000002,53.42848550000001,0.356,MISSING
26321,110,39845,380,8.8390143,48.9192961,8.841217123069287,48.916959141320405,0.356,MISSING
14538,110,37934,380,9.257988,51.063543900000006,9.259408693957011,51.060624165291934,0.360,MISSING
35540,110,36688,380,10.083751340058903,48.26886749670415,10.082130359178707,48.26603782164344,0.362,MISSING
21212,110,35023,380,10.160496,49.9925001,10.160303312667772,49.9891567500025,0.372,MISSING
38235,110,38940,380,8.291743998701401,49.52542795039105,8.294959271351193,49.52442754258792,0.374,MISSING
36731,110,38573,380,7.751862552442653,48.09640574882996,7.753495510341047,48.09935573352422,0.374,MISSING
35741,110,37610,380,11.11981695512298,50.99913579352918,11.123140782291909,50.9985213554333,0.375,MISSING
35477,110,39423,380,10.414507791295142,53.41431843146706,10.41676257655827,53.4116548678373,0.387,MISSING
35049,110,36628,380,6.625829004351698,51.26061129810626,6.622843270629824,51.25871337756656,0.393,MISSING
35024,110,38625,380,8.518881857347319,53.20263529993821,8.51555062560662,53.2038908072107,0.395,MISSING
34765,110,38393,380,6.842650702727906,50.86353852296158,6.842231210471615,50.859864737324976,0.410,MISSING
37806,110,38378,380,10.97975384124878,52.169496016934495,10.976033923790732,52.169792267016106,0.414,MISSING
38041,110,38918,380,9.077882501213573,54.51504920353005,9.077808536774338,54.51120055847426,0.427,MISSING
37338,110,39331,380,9.249511097600768,53.11377011851981,9.253227136428483,53.11481546611161,0.428,MISSING
35406,110,39284,380,13.302942360157438,52.23353641483878,13.305765586233877,52.23079683634844,0.437,MISSING
36080,110,37635,380,8.954644163142357,50.08601575066757,8.950724372967933,50.0866173862831,0.440,MISSING
37540,110,38966,380,11.58137197036542,48.76489385387552,11.584450983231443,48.76747072455882,0.446,MISSING
38368,110,39918,380,13.323787911495652,52.511089099369805,13.3263229,52.514213899087686,0.447,MISSING
34963,110,37256,380,6.715197472199203,51.52680805339451,6.711141014515523,51.52623887195448,0.455,MISSING
6051,110,35067,380,6.9306456,51.4978752,6.926758989258765,51.49920569667793,0.456,MISSING
25811,110,36167,380,9.0495563,48.9031893,9.04543545075604,48.90296099705386,0.458,MISSING
7638,110,36394,380,6.9994167,49.3783491,6.9964592026997074,49.37540332206004,0.463,MISSING
9004,110,37666,380,8.5889209,49.8114476,8.588596425193431,49.81563371573577,0.466,MISSING
37167,110,39417,380,11.191280935388148,50.16430535132998,11.1950851186441,50.16245798450917,0.469,MISSING
24140,110,34862,380,10.1592769,53.5511302,10.159643549175584,53.55536447209872,0.472,MISSING
13389,110,35542,380,10.0863773,48.265508700000005,10.083751340058903,48.26886749670415,0.473,MISSING
37540,110,38967,380,11.58137197036542,48.76489385387552,11.584444300000005,48.76785545,0.474,MISSING
13389,110,36688,380,10.0863773,48.265508700000005,10.082130359178707,48.26603782164344,0.475,MISSING
35312,110,35314,380,10.385200717490756,52.99537742138229,10.381345307239464,52.99351221365282,0.475,MISSING
35703,110,35782,380,9.72703059547631,54.2920108395428,9.725986368902143,54.28780684054939,0.481,MISSING
11777,110,37771,380,7.747141900000001,52.284171400000005,7.746792537377239,52.28851152401303,0.483,MISSING
35477,110,39249,380,10.414507791295142,53.41431843146706,10.418299361545682,53.41216549951411,0.484,MISSING
36866,110,38450,380,7.240374772306966,49.35764976438088,7.2389819,49.3618176,0.488,MISSING
38286,110,39254,380,11.647059575921388,51.91152504650135,11.64404738157065,51.908273555634885,0.492,MISSING
30757,110,35034,380,10.840597,49.927529,10.836015793654536,49.92806742632903,0.512,MISSING
39248,110,39424,380,10.418299361545682,53.41216549951411,10.413512624756384,53.41310762295647,0.542,MISSING
35186,110,39174,380,6.457675308330967,50.8714464114063,6.452760310890879,50.87178889638323,0.547,MISSING
37225,110,38433,380,8.652736335693252,50.60265588543153,8.656661696724552,50.60573631256948,0.554,MISSING
38041,110,39399,380,9.077882501213573,54.51504920353005,9.07924925961155,54.510178704543215,0.562,MISSING
3574,110,36084,380,7.017781800000001,50.6189243,7.012850436235672,50.61770844908924,0.564,MISSING
3458,110,36628,380,6.6277151000000005,51.256987200000005,6.622843270629824,51.25871337756656,0.574,MISSING
29498,110,34837,380,8.776548100000001,49.9712241,8.77224242774012,49.97455267991119,0.604,MISSING
38368,110,39919,380,13.323787911495652,52.511089099369805,13.32739654857678,52.51534453833206,0.619,MISSING
2058,110,37842,380,7.858929700000001,50.7712313,7.863784835138322,50.76810526070061,0.641,MISSING
41,110,34744,380,11.3654168,48.288584500000006,11.37041362990128,48.29149077431964,0.642,MISSING
5971,110,36479,380,6.9914807,51.5188434,6.996068915585992,51.514169608305,0.727,MISSING
7975,110,14679,380,8.5896112,50.1383699,8.5944289,50.1432213,0.759,MISSING
14024,220,14438,380,8.225903200000001,47.5976912,8.225903200000001,47.5976912,0.000,MISSING
44,220,159,380,8.431108100000001,49.7059068,8.431108100000001,49.7059068,0.000,MISSING
13827,220,16916,380,8.0456828,47.552780600000006,8.0456828,47.552780600000006,0.000,MISSING
13827,220,15218,380,8.0456828,47.552780600000006,8.0451678,47.5526068,0.060,MISSING
13827,220,15197,380,8.0456828,47.552780600000006,8.0462442,47.5529987,0.067,MISSING
35704,220,39234,380,11.727508020040288,52.5686417742489,11.726902044990078,52.56955253168287,0.121,MISSING
15543,220,16916,380,8.046708,47.5531799,8.0456828,47.552780600000006,0.122,MISSING
13827,220,14889,380,8.0456828,47.552780600000006,8.046708,47.5531799,0.122,MISSING
34926,220,39335,380,8.659610012459455,52.00034857382484,8.659214623379532,51.999116957559146,0.144,MISSING
37936,220,39260,380,12.0455074581838,50.78094886931935,12.04536935651404,50.78225511147877,0.146,MISSING
36096,220,39309,380,7.709038739055081,51.67646671921386,7.708168651526973,51.67767780057307,0.166,MISSING
37339,220,39329,380,9.249511097600768,53.11377011851981,9.250434911442971,53.11499931513949,0.171,MISSING
2233,220,3483,380,6.617035100000001,51.0545491,6.618179400000001,51.0534575,0.176,MISSING
39211,220,39284,380,13.304414531390682,52.231687845001886,13.305765586233877,52.23079683634844,0.180,MISSING
9814,220,36298,380,6.8006006,51.1260661,6.801901926183781,51.12493154312898,0.192,MISSING
37456,220,39413,380,11.646043667505122,50.534326600156895,11.647680674314016,50.53502412215024,0.198,MISSING
23260,220,39473,380,8.050318,53.334097,8.052012197053083,53.33307136740971,0.220,MISSING
39470,220,39473,380,8.052627229803113,53.334960837497285,8.052012197053083,53.33307136740971,0.221,MISSING
37653,220,39207,380,7.91073206194393,48.50128781288417,7.908705137768472,48.50178996803233,0.232,MISSING
36081,220,38327,380,8.954644163142357,50.08601575066757,8.952765887981995,50.08698783856528,0.235,MISSING
3649,220,39893,380,7.453429300000001,51.4128596,7.452823841096228,51.41072571439235,0.246,MISSING
37353,220,39323,380,7.890386064217829,52.27794041517114,7.888048605195514,52.2775993000819,0.262,MISSING
39467,220,39473,380,8.053978897380992,53.33175068895626,8.052012197053083,53.33307136740971,0.263,MISSING
36297,220,36301,380,6.801901926183781,51.12493154312898,6.800926567669436,51.122741406475456,0.266,MISSING
35366,220,39494,380,9.113284847390236,52.543851849434965,9.114842769580806,52.545747301708126,0.272,MISSING
10271,220,39266,380,12.5187778,51.155036300000006,12.519533915607822,51.15742764266873,0.278,MISSING
39411,220,39413,380,11.64534704571244,50.53596277912805,11.647680674314016,50.53502412215024,0.279,MISSING
13481,220,35392,380,12.1154372,49.628676500000005,12.11438092678556,49.63110584983995,0.294,MISSING
34754,220,39312,380,9.984058791561043,53.74147911235288,9.98632436010763,53.740033045661065,0.298,MISSING
35963,220,38119,380,14.27065698816345,53.0960179911851,14.268638974984714,53.09783446837545,0.301,MISSING
35679,220,39266,380,12.517063548402716,51.15625143714208,12.519533915607822,51.15742764266873,0.304,MISSING
39328,220,39331,380,9.250434911442971,53.11499931513949,9.253227136428483,53.11481546611161,0.311,MISSING
39307,220,39309,380,7.707251732454117,51.67498467731031,7.708168651526973,51.67767780057307,0.316,MISSING
10391,220,11085,380,9.8110342,47.143755600000006,9.8138546,47.1444672,0.323,MISSING
34923,220,39275,380,10.365338662586144,52.28466156568128,10.368344262460427,52.28463337668946,0.334,MISSING
22748,220,37982,380,7.3064374,52.48014130000001,7.304433152065958,52.48240941580711,0.336,MISSING
2898,220,3079,380,7.1493209,51.5045259,7.1462924,51.504831300000006,0.338,MISSING
35622,220,37291,380,8.474707083954415,53.42865120708045,8.477910650000002,53.42848550000001,0.356,MISSING
35541,220,36688,380,10.083751340058903,48.26886749670415,10.082130359178707,48.26603782164344,0.362,MISSING
9814,220,36301,380,6.8006006,51.1260661,6.800926567669436,51.122741406475456,0.371,MISSING
36732,220,38573,380,7.751862552442653,48.09640574882996,7.753495510341047,48.09935573352422,0.374,MISSING
625,220,35229,380,12.9458459,52.5642294,12.942934968142938,52.56249764066207,0.376,MISSING
35050,220,36628,380,6.625829004351698,51.26061129810626,6.622843270629824,51.25871337756656,0.393,MISSING
35025,220,38625,380,8.518881857347319,53.20263529993821,8.51555062560662,53.2038908072107,0.395,MISSING
34766,220,38393,380,6.842650702727906,50.86353852296158,6.842231210471615,50.859864737324976,0.410,MISSING
44,220,10481,380,8.431108100000001,49.7059068,8.4274996,49.7049503,0.414,MISSING
1361,220,39152,380,8.4060232,53.2347758,8.402908531465698,53.23684600198081,0.415,MISSING
22748,220,36532,380,7.3064374,52.48014130000001,7.308241793856218,52.47679095339883,0.422,MISSING
37339,220,39331,380,9.249511097600768,53.11377011851981,9.253227136428483,53.11481546611161,0.428,MISSING
36081,220,37635,380,8.954644163142357,50.08601575066757,8.950724372967933,50.0866173862831,0.440,MISSING
37541,220,38966,380,11.58137197036542,48.76489385387552,11.584450983231443,48.76747072455882,0.446,MISSING
37401,220,37984,380,7.317999853080932,52.46903259983639,7.319522033367656,52.472760575877,0.447,MISSING
14018,220,35576,380,8.2563764,47.630972400000005,8.2588276632644,47.63420888668645,0.451,MISSING
34964,220,37256,380,6.715197472199203,51.52680805339451,6.711141014515523,51.52623887195448,0.455,MISSING
37541,220,38967,380,11.58137197036542,48.76489385387552,11.584444300000005,48.76785545,0.474,MISSING
23260,220,39468,380,8.050318,53.334097,8.053978897380992,53.33175068895626,0.483,MISSING
36867,220,38450,380,7.240374772306966,49.35764976438088,7.2389819,49.3618176,0.488,MISSING
37810,220,39181,380,9.487895110963125,53.63655778443054,9.489805273447082,53.632503575657154,0.497,MISSING
44,220,10482,380,8.431108100000001,49.7059068,8.4269631,49.7076124,0.498,MISSING
36809,220,36812,380,7.843441408811978,47.585814095335095,7.83856449692764,47.58623990526666,0.543,MISSING
3649,220,18491,380,7.453429300000001,51.4128596,7.448805800000001,51.4102272,0.591,MISSING
35006,110,35007,220,8.389618629206485,49.98247934596147,8.389618629206485,49.98247934596147,0.000,HAS_TRAFO
38092,110,38093,220,12.242788314127916,50.56842168950337,12.242788314127916,50.56842168950337,0.000,HAS_TRAFO
37120,110,37121,220,10.420389504388924,52.165200379682666,10.420389504388924,52.165200379682666,0.000,HAS_TRAFO
35633,110,35634,220,9.378988301493512,48.87981731339044,9.378988301493512,48.87981731339044,0.000,HAS_TRAFO
36854,110,36855,220,6.765974665241079,49.360090778751136,6.765974665241079,49.360090778751136,0.000,HAS_TRAFO
35487,110,35488,220,9.797336150166112,52.00083922200656,9.797336150166112,52.00083922200656,0.000,HAS_TRAFO
34759,110,34760,220,6.965533742474561,51.06993601928015,6.965533742474561,51.06993601928015,0.000,HAS_TRAFO
35690,110,35691,220,6.664781482352115,50.9883810614097,6.664781482352115,50.9883810614097,0.000,HAS_TRAFO
35453,110,35454,220,7.725695780283424,52.27718649503925,7.725695780283424,52.27718649503925,0.000,HAS_TRAFO
38044,110,38045,220,7.593298308071136,50.3859466537668,7.593298308071136,50.3859466537668,0.000,HAS_TRAFO
36632,110,36633,220,12.220835400057924,48.585732999035706,12.220835400057924,48.585732999035706,0.000,HAS_TRAFO
35227,110,35228,220,12.942934968142938,52.56249764066207,12.942934968142938,52.56249764066207,0.000,HAS_TRAFO
34753,110,34754,220,9.984058791561043,53.74147911235288,9.984058791561043,53.74147911235288,0.000,HAS_TRAFO
38642,110,38643,220,9.387640755119856,51.64073490727583,9.387640755119856,51.64073490727583,0.000,HAS_TRAFO
37664,110,37665,220,8.588596425193431,49.81563371573577,8.588596425193431,49.81563371573577,0.000,HAS_TRAFO
37821,110,37822,220,7.792325581776897,49.81051622991459,7.792325581776897,49.81051622991459,0.000,HAS_TRAFO
39471,110,39472,220,8.052012197053083,53.33307136740971,8.052012197053083,53.33307136740971,0.000,HAS_TRAFO
39214,110,39215,220,12.940597003468826,52.56101411828772,12.940597003468826,52.56101411828772,0.000,HAS_TRAFO
35433,110,35434,220,12.150406582428245,49.01275130735531,12.150406582428245,49.01275130735531,0.000,HAS_TRAFO
35596,110,35597,220,6.772521017747271,51.14710319021344,6.772521017747271,51.14710319021344,0.000,HAS_TRAFO
35469,110,35470,220,13.956826534077685,53.252375027293134,13.956826534077685,53.252375027293134,0.000,HAS_TRAFO
36349,110,36350,220,7.72438409084354,51.40933415630268,7.72438409084354,51.40933415630268,0.000,HAS_TRAFO
34953,110,34954,220,6.577290606676843,51.55639121872458,6.577290606676843,51.55639121872458,0.000,HAS_TRAFO
36866,110,36867,220,7.240374772306966,49.35764976438088,7.240374772306966,49.35764976438088,0.000,HAS_TRAFO
35021,110,35022,220,10.160303312667772,49.9891567500025,10.160303312667772,49.9891567500025,0.000,HAS_TRAFO
37342,110,37343,220,7.1257288028618,51.44906599034108,7.1257288028618,51.44906599034108,0.000,HAS_TRAFO
36731,110,36732,220,7.751862552442653,48.09640574882996,7.751862552442653,48.09640574882996,0.000,HAS_TRAFO
35946,110,35947,220,8.120596018028706,48.70536875161513,8.120596018028706,48.70536875161513,0.000,HAS_TRAFO
35291,110,35292,220,9.493408636061735,52.59852308095076,9.493408636061735,52.59852308095076,0.000,HAS_TRAFO
36619,110,36620,220,12.13019065230485,47.91316548724679,12.13019065230485,47.91316548724679,0.000,HAS_TRAFO
39238,110,39239,220,13.707028804050216,52.54032503768827,13.707028804050216,52.54032503768827,0.000,HAS_TRAFO
34778,110,34779,220,7.095822741107271,50.82688896167826,7.095822741107271,50.82688896167826,0.000,HAS_TRAFO
35368,110,35369,220,12.082217467816522,49.2974951646606,12.082217467816522,49.2974951646606,0.000,HAS_TRAFO
36578,110,36579,220,7.1793735139746016,51.47220069994448,7.1793735139746016,51.47220069994448,0.000,HAS_TRAFO
35390,110,35391,220,12.11438092678556,49.63110584983995,12.11438092678556,49.63110584983995,0.000,HAS_TRAFO
34957,110,34958,220,6.680791090181257,51.64632662719794,6.680791090181257,51.64632662719794,0.000,HAS_TRAFO
34765,110,34766,220,6.842650702727906,50.86353852296158,6.842650702727906,50.86353852296158,0.000,HAS_TRAFO
38647,110,38648,220,8.27297151133573,49.02903286067964,8.27297151133573,49.02903286067964,0.000,HAS_TRAFO
37611,110,37612,220,9.091835332635767,49.29461883180298,9.091835332635767,49.29461883180298,0.000,HAS_TRAFO
35515,110,35516,220,9.201683603864106,53.89581463975587,9.201683603864106,53.89581463975587,0.000,HAS_TRAFO
37652,110,37653,220,7.91073206194393,48.50128781288417,7.91073206194393,48.50128781288417,0.000,HAS_TRAFO
35285,110,35286,220,9.988361727823069,53.765936154720805,9.988361727823069,53.765936154720805,0.000,HAS_TRAFO
37602,110,37603,220,9.694754670345748,49.232812253259965,9.694754670345748,49.232812253259965,0.000,HAS_TRAFO
39457,110,39458,220,9.726960959542495,54.2909483054181,9.726960959542495,54.2909483054181,0.000,HAS_TRAFO
35416,110,35417,220,9.529613132778817,53.61897916086547,9.529613132778817,53.61897916086547,0.000,HAS_TRAFO
39250,110,39251,220,14.033539122948156,53.50758634532222,14.033539122948156,53.50758634532222,0.000,HAS_TRAFO
36911,110,36912,220,13.00276613640534,48.26199911816352,13.00276613640534,48.26199911816352,0.000,HAS_TRAFO
39332,110,39333,220,9.14525540455062,52.85362749136264,9.14525540455062,52.85362749136264,0.000,HAS_TRAFO
35962,110,35963,220,14.27065698816345,53.0960179911851,14.27065698816345,53.0960179911851,0.000,HAS_TRAFO
36542,110,36543,220,7.167956726297298,51.38931989154419,7.167956726297298,51.38931989154419,0.000,HAS_TRAFO
38042,110,38043,220,8.953681265305274,49.56744320099945,8.953681265305274,49.56744320099945,0.000,HAS_TRAFO
35895,110,35896,220,8.104639054942613,52.26510433428031,8.104639054942613,52.26510433428031,0.000,HAS_TRAFO
36322,110,36323,220,13.710737003499364,48.51930895732773,13.710737003499364,48.51930895732773,0.000,HAS_TRAFO
37176,110,37177,220,8.861525797588994,47.80643535473445,8.861525797588994,47.80643535473445,0.000,HAS_TRAFO
39100,110,39101,220,9.895526646779569,52.36066824289711,9.895526646779569,52.36066824289711,0.000,HAS_TRAFO
35165,110,35166,220,9.887472806812662,52.49449476432826,9.887472806812662,52.49449476432826,0.000,HAS_TRAFO
36192,110,36193,220,10.734635272043953,51.441298010190735,10.734635272043953,51.441298010190735,0.000,HAS_TRAFO
37692,110,37693,220,8.542481126864262,50.09598837307584,8.542481126864262,50.09598837307584,0.000,HAS_TRAFO
39272,110,39273,220,13.0792365937709,54.28475789860841,13.0792365937709,54.28475789860841,0.000,HAS_TRAFO
35570,110,35571,220,9.012744549359123,47.844641888769054,9.012744549359123,47.844641888769054,0.000,HAS_TRAFO
37977,110,37978,220,8.147837119262814,53.56354694125226,8.147837119262814,53.56354694125226,0.000,HAS_TRAFO
35437,110,35438,220,8.060057023046394,53.62020262000408,8.060057023046394,53.62020262000408,0.000,HAS_TRAFO
36909,110,36910,220,12.747905506103958,48.14868539336393,12.747905506103958,48.14868539336393,0.000,HAS_TRAFO
37637,110,37638,220,6.620535841524454,49.74893880790242,6.620535841524454,49.74893880790242,0.000,HAS_TRAFO
35167,110,35168,220,8.085650634424173,53.605834221067866,8.085650634424173,53.605834221067866,0.000,HAS_TRAFO
36666,110,36667,220,6.773210913026517,49.29108364341995,6.773210913026517,49.29108364341995,0.000,HAS_TRAFO
39466,110,39467,220,8.053978897380992,53.33175068895626,8.053978897380992,53.33175068895626,0.000,HAS_TRAFO
35627,110,35628,220,6.963319559267124,50.83375047640417,6.963319559267124,50.83375047640417,0.000,HAS_TRAFO
37474,110,37475,220,7.937972066256774,51.01064209231985,7.937972066256774,51.01064209231985,0.000,HAS_TRAFO
35134,110,35135,220,9.190792677545476,48.91441508696246,9.190792677545476,48.91441508696246,0.000,HAS_TRAFO
34795,110,34796,220,13.506126732170538,52.473824771700336,13.506126732170538,52.473824771700336,0.000,HAS_TRAFO
37529,110,37530,220,13.710001853833573,52.53916797794064,13.710001853833573,52.53916797794064,0.000,HAS_TRAFO
37027,110,37028,220,11.810849310920409,50.18370902131012,11.810849310920409,50.18370902131012,0.000,HAS_TRAFO
36480,110,36481,220,9.448953542404029,53.96763393799248,9.448953542404029,53.96763393799248,0.000,HAS_TRAFO
35540,110,35541,220,10.083751340058903,48.26886749670415,10.083751340058903,48.26886749670415,0.000,HAS_TRAFO
36218,110,36219,220,8.673717359625044,49.29043940679095,8.673717359625044,49.29043940679095,0.000,HAS_TRAFO
35042,110,35043,220,9.59431930875664,49.79842591684853,9.59431930875664,49.79842591684853,0.000,HAS_TRAFO
39367,110,39368,220,10.08720389319712,52.3167497614755,10.08720389319712,52.3167497614755,0.000,HAS_TRAFO
36392,110,36393,220,6.9964592026997074,49.37540332206004,6.9964592026997074,49.37540332206004,0.000,HAS_TRAFO
36036,110,36037,220,9.885508871535515,48.30406967249351,9.885508871535515,48.30406967249351,0.000,HAS_TRAFO
38884,110,38885,220,7.477410907544958,51.616409162285336,7.477410907544958,51.616409162285336,0.000,HAS_TRAFO
38986,110,38987,220,7.207319266495816,53.34145432468653,7.207319266495816,53.34145432468653,0.000,HAS_TRAFO
37347,110,37348,220,6.868911667667838,51.44692875399185,6.868911667667838,51.44692875399185,0.000,HAS_TRAFO
34768,110,34769,220,6.972686737706853,50.79566543063813,6.972686737706853,50.79566543063813,0.000,HAS_TRAFO
36390,110,36391,220,10.17982295440994,54.34214523391679,10.17982295440994,54.34214523391679,0.000,HAS_TRAFO
39404,110,39405,220,7.172010930846214,51.55492198489481,7.172010930846214,51.55492198489481,0.000,HAS_TRAFO
39306,110,39307,220,7.707251732454117,51.67498467731031,7.707251732454117,51.67498467731031,0.000,HAS_TRAFO
35365,110,35366,220,9.113284847390236,52.543851849434965,9.113284847390236,52.543851849434965,0.000,HAS_TRAFO
35331,110,35332,220,7.264078945443217,51.57357484256442,7.264078945443217,51.57357484256442,0.000,HAS_TRAFO
34949,110,34950,220,7.445069349671845,51.61850011519324,7.445069349671845,51.61850011519324,0.000,HAS_TRAFO
35071,110,35072,220,13.103168324093213,48.66682263363442,13.103168324093213,48.66682263363442,0.000,HAS_TRAFO
36443,110,36444,220,10.362499738474469,47.73865994398617,10.362499738474469,47.73865994398617,0.000,HAS_TRAFO
38512,110,38513,220,8.490323930839333,49.44892510892432,8.490323930839333,49.44892510892432,0.000,HAS_TRAFO
38117,110,38118,220,14.268638974984714,53.09783446837545,14.268638974984714,53.09783446837545,0.000,HAS_TRAFO
34886,110,34887,220,9.821583888142673,52.42485528793159,9.821583888142673,52.42485528793159,0.000,HAS_TRAFO
36580,110,36581,220,7.180005676045837,51.47494727152525,7.180005676045837,51.47494727152525,0.000,HAS_TRAFO
38571,110,38572,220,7.753495510341047,48.09935573352422,7.753495510341047,48.09935573352422,0.000,HAS_TRAFO
34818,110,34819,220,8.95900945577423,52.278529561469,8.95900945577423,52.278529561469,0.000,HAS_TRAFO
36165,110,36166,220,9.04543545075604,48.90296099705386,9.04543545075604,48.90296099705386,0.000,HAS_TRAFO
37352,110,37353,220,7.890386064217829,52.27794041517114,7.890386064217829,52.27794041517114,0.000,HAS_TRAFO
34825,110,34826,220,12.469652165337129,51.37167176390963,12.469652165337129,51.37167176390963,0.000,HAS_TRAFO
37920,110,37921,220,7.215859571736492,51.22093141976519,7.215859571736492,51.22093141976519,0.000,HAS_TRAFO
35017,110,35018,220,10.843105595807904,49.37870895490451,10.843105595807904,49.37870895490451,0.000,HAS_TRAFO
35688,110,35689,220,8.64160594977051,48.89010574677642,8.64160594977051,48.89010574677642,0.000,HAS_TRAFO
39345,110,39346,220,7.011600422827155,52.17763913797469,7.011600422827155,52.17763913797469,0.000,HAS_TRAFO
39407,110,39408,220,13.003143722076992,50.86597788089823,13.003143722076992,50.86597788089823,0.000,HAS_TRAFO
39288,110,39289,220,11.121629012063108,51.00056065447514,11.121629012063108,51.00056065447514,0.000,HAS_TRAFO
37455,110,37456,220,11.646043667505122,50.534326600156895,11.646043667505122,50.534326600156895,0.000,HAS_TRAFO
35463,110,35464,220,10.41954069426422,52.23696069492364,10.41954069426422,52.23696069492364,0.000,HAS_TRAFO
39325,110,39326,220,11.32714423418942,49.39400906866628,11.32714423418942,49.39400906866628,0.000,HAS_TRAFO
34870,110,34871,220,8.537219075722877,50.07808506811362,8.537219075722877,50.07808506811362,0.000,HAS_TRAFO
34939,110,34940,220,10.505499193025514,52.30183792010767,10.505499193025514,52.30183792010767,0.000,HAS_TRAFO
35046,110,35047,220,11.50775232725622,48.761130610523466,11.50775232725622,48.761130610523466,0.000,HAS_TRAFO
37935,110,37936,220,12.0455074581838,50.78094886931935,12.0455074581838,50.78094886931935,0.000,HAS_TRAFO
39187,110,39188,220,10.1973800566924,50.028454416764,10.1973800566924,50.028454416764,0.000,HAS_TRAFO
36063,110,36064,220,10.11739845870108,48.89713778809889,10.11739845870108,48.89713778809889,0.000,HAS_TRAFO
34763,110,34764,220,6.9759298273874375,51.037602504526,6.9759298273874375,51.037602504526,0.000,HAS_TRAFO
39434,110,39435,220,11.636586519645238,52.2669680548936,11.636586519645238,52.2669680548936,0.000,HAS_TRAFO
35223,110,35224,220,10.1562825085559,54.275548275875565,10.1562825085559,54.275548275875565,0.000,HAS_TRAFO
39244,110,39245,220,12.81442145413348,50.85678022161893,12.81442145413348,50.85678022161893,0.000,HAS_TRAFO
34908,110,34909,220,11.813244350535175,48.22126387763189,11.813244350535175,48.22126387763189,0.000,HAS_TRAFO
38898,110,38899,220,11.899829255734218,53.40736193472259,11.899829255734218,53.40736193472259,0.000,HAS_TRAFO
39264,110,39265,220,12.519533915607822,51.15742764266873,12.519533915607822,51.15742764266873,0.000,HAS_TRAFO
34829,110,34830,220,6.828052633409836,51.16264600244351,6.828052633409836,51.16264600244351,0.000,HAS_TRAFO
35360,110,35361,220,9.145084451718358,52.85279753984992,9.145084451718358,52.85279753984992,0.000,HAS_TRAFO
38670,110,38671,220,13.762068643432611,52.85253167743176,13.762068643432611,52.85253167743176,0.000,HAS_TRAFO
34928,110,34929,220,6.569989726549341,51.049032103693534,6.569989726549341,51.049032103693534,0.000,HAS_TRAFO
39000,110,39001,220,7.175168950000001,51.48233625,7.175168950000001,51.48233625,0.000,HAS_TRAFO
37854,110,37855,220,8.352307897101722,49.42127415266795,8.352307897101722,49.42127415266795,0.000,HAS_TRAFO
34756,110,34757,220,6.93491992733071,51.03353846047781,6.93491992733071,51.03353846047781,0.000,HAS_TRAFO
37540,110,37541,220,11.58137197036542,48.76489385387552,11.58137197036542,48.76489385387552,0.000,HAS_TRAFO
35305,110,35306,220,10.369230156474622,52.16709245014045,10.369230156474622,52.16709245014045,0.000,HAS_TRAFO
36082,110,36083,220,7.012850436235672,50.61770844908924,7.012850436235672,50.61770844908924,0.000,HAS_TRAFO
37017,110,37018,220,6.5424084670371805,51.29944584737244,6.5424084670371805,51.29944584737244,0.000,HAS_TRAFO
39286,110,39287,220,10.642198321471088,53.91873931118628,10.642198321471088,53.91873931118628,0.000,HAS_TRAFO
36567,110,36568,220,6.920161421361798,49.97058618721199,6.920161421361798,49.97058618721199,0.000,HAS_TRAFO
36299,110,36300,220,6.800926567669436,51.122741406475456,6.800926567669436,51.122741406475456,0.000,HAS_TRAFO
39355,110,39356,220,6.8124143683267,51.519927845331175,6.8124143683267,51.519927845331175,0.000,HAS_TRAFO
35385,110,35386,220,7.0602217221226224,51.6963974773687,7.0602217221226224,51.6963974773687,0.000,HAS_TRAFO
34971,110,34972,220,6.656735259258943,51.37952366107297,6.656735259258943,51.37952366107297,0.000,HAS_TRAFO
34842,110,34843,220,6.617199413011058,51.4758372811111,6.617199413011058,51.4758372811111,0.000,HAS_TRAFO
35024,110,35025,220,8.518881857347319,53.20263529993821,8.518881857347319,53.20263529993821,0.000,HAS_TRAFO
35037,110,35038,220,11.792413892026982,48.83822405035952,11.792413892026982,48.83822405035952,0.000,HAS_TRAFO
35621,110,35622,220,8.474707083954415,53.42865120708045,8.474707083954415,53.42865120708045,0.000,HAS_TRAFO
36095,110,36096,220,7.709038739055081,51.67646671921386,7.709038739055081,51.67646671921386,0.000,HAS_TRAFO
35678,110,35679,220,12.517063548402716,51.15625143714208,12.517063548402716,51.15625143714208,0.000,HAS_TRAFO
37840,110,37841,220,7.863784835138322,50.76810526070061,7.863784835138322,50.76810526070061,0.000,HAS_TRAFO
34916,110,34917,220,11.293842893892116,48.05187203363804,11.293842893892116,48.05187203363804,0.000,HAS_TRAFO
39313,110,39314,220,9.988549942726362,53.766911518972286,9.988549942726362,53.766911518972286,0.000,HAS_TRAFO
34742,110,34743,220,11.37041362990128,48.29149077431964,11.37041362990128,48.29149077431964,0.000,HAS_TRAFO
36563,110,36564,220,7.278856422837271,51.47223575497564,7.278856422837271,51.47223575497564,0.000,HAS_TRAFO
37937,110,37938,220,8.663785196240624,49.36008426110293,8.663785196240624,49.36008426110293,0.000,HAS_TRAFO
36080,110,36081,220,8.954644163142357,50.08601575066757,8.954644163142357,50.08601575066757,0.000,HAS_TRAFO
35672,110,35673,220,8.445537986650011,48.98608927285565,8.445537986650011,48.98608927285565,0.000,HAS_TRAFO
37834,110,37835,220,8.313340225406103,49.0090434726611,8.313340225406103,49.0090434726611,0.000,HAS_TRAFO
37338,110,37339,220,9.249511097600768,53.11377011851981,9.249511097600768,53.11377011851981,0.000,HAS_TRAFO
35100,110,35101,220,9.425344076806477,48.06443972511009,9.425344076806477,48.06443972511009,0.000,HAS_TRAFO
39135,110,39136,220,9.88352459579955,51.51557462115947,9.88352459579955,51.51557462115947,0.000,HAS_TRAFO
38667,110,38668,220,8.814007725393187,51.98343832589758,8.814007725393187,51.98343832589758,0.000,HAS_TRAFO
35400,110,35401,220,7.179765081080847,51.5477933774321,7.179765081080847,51.5477933774321,0.000,HAS_TRAFO
37489,110,37490,220,11.807606343131445,48.4554275398014,11.807606343131445,48.4554275398014,0.000,HAS_TRAFO
35696,110,35697,220,9.918175987686068,52.38000537591712,9.918175987686068,52.38000537591712,0.000,HAS_TRAFO
39300,110,39301,220,9.852928400878314,51.64927355446412,9.852928400878314,51.64927355446412,0.000,HAS_TRAFO
38519,110,38520,220,8.820024908006184,53.10738832342774,8.820024908006184,53.10738832342774,0.000,HAS_TRAFO
39210,110,39211,220,13.304414531390682,52.231687845001886,13.304414531390682,52.231687845001886,0.000,HAS_TRAFO
36296,110,36297,220,6.801901926183781,51.12493154312898,6.801901926183781,51.12493154312898,0.000,HAS_TRAFO
35765,110,35766,220,7.224238437060015,53.349927157146816,7.224238437060015,53.349927157146816,0.000,HAS_TRAFO
37321,110,37322,220,7.591356543030075,51.928443359523705,7.591356543030075,51.928443359523705,0.000,HAS_TRAFO
34867,110,34868,220,8.435130722816417,50.05903583101519,8.435130722816417,50.05903583101519,0.000,HAS_TRAFO
35002,110,35003,220,7.505982918763768,51.4016067641739,7.505982918763768,51.4016067641739,0.000,HAS_TRAFO
35712,110,35713,220,8.307759802756838,52.34563594954145,8.307759802756838,52.34563594954145,0.000,HAS_TRAFO
35171,110,35172,220,11.639147591424257,52.26896991806888,11.639147591424257,52.26896991806888,0.000,HAS_TRAFO
39327,110,39328,220,9.250434911442971,53.11499931513949,9.250434911442971,53.11499931513949,0.000,HAS_TRAFO
39469,110,39470,220,8.052627229803113,53.334960837497285,8.052627229803113,53.334960837497285,0.000,HAS_TRAFO
36931,110,36932,220,6.723767180276212,51.35565439330544,6.723767180276212,51.35565439330544,0.000,HAS_TRAFO
35421,110,35422,220,7.047357686753464,50.90555952185957,7.047357686753464,50.90555952185957,0.000,HAS_TRAFO
35140,110,35141,220,8.702218487068027,51.736352600924384,8.702218487068027,51.736352600924384,0.000,HAS_TRAFO
38145,110,38146,220,12.477264703550642,50.75311281698494,12.477264703550642,50.75311281698494,0.000,HAS_TRAFO
36897,110,36898,220,8.020290393908654,50.92361692995779,8.020290393908654,50.92361692995779,0.000,HAS_TRAFO
38578,110,38579,220,10.412930612946171,52.15877895423594,10.412930612946171,52.15877895423594,0.000,HAS_TRAFO
37116,110,37117,220,9.236283991171248,48.92685322608787,9.236283991171248,48.92685322608787,0.000,HAS_TRAFO
34771,110,34772,220,7.192410168463042,50.79890016560991,7.192410168463042,50.79890016560991,0.000,HAS_TRAFO
35676,110,35677,220,8.349126149166882,49.01305215600321,8.349126149166882,49.01305215600321,0.000,HAS_TRAFO
35182,110,35183,220,11.563143082113276,52.12398883666681,11.563143082113276,52.12398883666681,0.000,HAS_TRAFO
35052,110,35053,220,6.329986497836473,51.242933541196,6.329986497836473,51.242933541196,0.000,HAS_TRAFO
37816,110,37817,220,6.702285455777259,49.82899444427284,6.702285455777259,49.82899444427284,0.000,HAS_TRAFO
35320,110,35321,220,8.932880076577137,52.19344813112031,8.932880076577137,52.19344813112031,0.000,HAS_TRAFO
35065,110,35066,220,6.926758989258765,51.49920569667793,6.926758989258765,51.49920569667793,0.000,HAS_TRAFO
35805,110,35806,220,6.722615253862088,51.479809564218,6.722615253862088,51.479809564218,0.000,HAS_TRAFO
35631,110,35632,220,8.248770026745456,48.84633443030695,8.248770026745456,48.84633443030695,0.000,HAS_TRAFO
35642,110,35643,220,12.213541114842831,54.11198200041447,12.213541114842831,54.11198200041447,0.000,HAS_TRAFO
38971,110,38972,220,10.213738841470423,47.93872175518876,10.213738841470423,47.93872175518876,0.000,HAS_TRAFO
34888,110,34889,220,8.873006663494662,50.13085458638211,8.873006663494662,50.13085458638211,0.000,HAS_TRAFO
38639,110,38640,220,10.087649794874086,52.31512566651798,10.087649794874086,52.31512566651798,0.000,HAS_TRAFO
37758,110,37759,220,8.41937316081906,49.63371907557302,8.41937316081906,49.63371907557302,0.000,HAS_TRAFO
34955,110,34956,220,6.61427858935133,51.61867882622453,6.61427858935133,51.61867882622453,0.000,HAS_TRAFO
37960,110,37961,220,10.734669450629,51.44018679097661,10.734669450629,51.44018679097661,0.000,HAS_TRAFO
37925,110,37926,220,7.319285805890505,49.30481782437116,7.319285805890505,49.30481782437116,0.000,HAS_TRAFO
34947,110,34948,220,7.522337661750732,51.53217387708722,7.522337661750732,51.53217387708722,0.000,HAS_TRAFO
39320,110,39321,220,8.931484042273178,52.19315479134929,8.931484042273178,52.19315479134929,0.000,HAS_TRAFO
35803,110,35804,220,6.732226713227289,51.45939614939377,6.732226713227289,51.45939614939377,0.000,HAS_TRAFO
36904,110,36905,220,10.319143649800106,47.68273023065868,10.319143649800106,47.68273023065868,0.000,HAS_TRAFO
38021,110,38022,220,8.737546051399871,51.70014099021845,8.737546051399871,51.70014099021845,0.000,HAS_TRAFO
38835,110,38836,220,8.511568709329763,49.29351704676071,8.511568709329763,49.29351704676071,0.000,HAS_TRAFO
38047,110,38048,220,8.626969758306775,49.54353541027121,8.626969758306775,49.54353541027121,0.000,HAS_TRAFO
35191,110,35192,220,8.628948994818524,51.99359134118354,8.628948994818524,51.99359134118354,0.000,HAS_TRAFO
38821,110,38822,220,7.449489147076842,50.4025303263638,7.449489147076842,50.4025303263638,0.000,HAS_TRAFO
35049,110,35050,220,6.625829004351698,51.26061129810626,6.625829004351698,51.26061129810626,0.000,HAS_TRAFO
38029,110,38030,220,8.566855442106691,49.52382573348911,8.566855442106691,49.52382573348911,0.000,HAS_TRAFO
37813,110,37814,220,6.47506298271469,49.92260878546448,6.47506298271469,49.92260878546448,0.000,HAS_TRAFO
34787,110,34788,220,7.037619941130347,51.598549644171534,7.037619941130347,51.598549644171534,0.000,HAS_TRAFO
37608,110,37609,220,11.123140782291909,50.9985213554333,11.123140782291909,50.9985213554333,0.000,HAS_TRAFO
36672,110,36673,220,7.706358407982934,51.278581814675846,7.706358407982934,51.278581814675846,0.000,HAS_TRAFO
36316,110,36317,220,8.082130119034636,52.858428299535404,8.082130119034636,52.858428299535404,0.000,HAS_TRAFO
35276,110,35277,220,6.7097559467998105,51.090932471999935,6.7097559467998105,51.090932471999935,0.000,HAS_TRAFO
36828,110,36829,220,7.985069668433605,50.84222341097669,7.985069668433605,50.84222341097669,0.000,HAS_TRAFO
35593,110,35594,220,8.679332196509403,49.973843230997886,8.679332196509403,49.973843230997886,0.000,HAS_TRAFO
35085,110,35086,220,7.03701796109744,51.54073746867599,7.03701796109744,51.54073746867599,0.000,HAS_TRAFO
36530,110,36531,220,7.308241793856218,52.47679095339883,7.308241793856218,52.47679095339883,0.000,HAS_TRAFO
39282,110,39283,220,13.305765586233877,52.23079683634844,13.305765586233877,52.23079683634844,0.000,HAS_TRAFO
37493,110,37494,220,11.326780376177682,49.39299819075278,11.326780376177682,49.39299819075278,0.000,HAS_TRAFO
34751,110,34752,220,6.851690333186563,50.98414694561534,6.851690333186563,50.98414694561534,0.000,HAS_TRAFO
35558,110,35559,220,9.64534106910629,47.74459749311034,9.64534106910629,47.74459749311034,0.000,HAS_TRAFO
35572,110,35573,220,8.251925544047381,47.63976982653161,8.251925544047381,47.63976982653161,0.000,HAS_TRAFO
37862,110,37863,220,8.547358593021409,49.44021694142026,8.547358593021409,49.44021694142026,0.000,HAS_TRAFO
34730,110,34731,220,8.73513582119104,50.15919158006063,8.73513582119104,50.15919158006063,0.000,HAS_TRAFO
39440,110,39441,220,10.760835327266625,53.90974536547805,10.760835327266625,53.90974536547805,0.000,HAS_TRAFO
34963,110,34964,220,6.715197472199203,51.52680805339451,6.715197472199203,51.52680805339451,0.000,HAS_TRAFO
36077,110,36078,220,8.958708591309906,50.08260779176915,8.958708591309906,50.08260779176915,0.000,HAS_TRAFO
38137,110,38138,220,9.56710207045271,51.32525735500083,9.56710207045271,51.32525735500083,0.000,HAS_TRAFO
39137,110,39138,220,9.882236528721029,51.51543259723413,9.882236528721029,51.51543259723413,0.000,HAS_TRAFO
35616,110,35617,220,12.187783572738413,53.81650473574705,12.187783572738413,53.81650473574705,0.000,HAS_TRAFO
34835,110,34836,220,8.77224242774012,49.97455267991119,8.77224242774012,49.97455267991119,0.000,HAS_TRAFO
34809,110,34810,220,6.804550264468851,50.96624767849495,6.804550264468851,50.96624767849495,0.000,HAS_TRAFO
34925,110,34926,220,8.659610012459455,52.00034857382484,8.659610012459455,52.00034857382484,0.000,HAS_TRAFO
38027,110,38028,220,9.07618956433906,49.36343157475147,9.07618956433906,49.36343157475147,0.000,HAS_TRAFO
35574,110,35575,220,8.2588276632644,47.63420888668645,8.2588276632644,47.63420888668645,0.000,HAS_TRAFO
34874,110,34875,220,9.522576021806705,52.36040907576735,9.522576021806705,52.36040907576735,0.000,HAS_TRAFO
39387,110,39388,220,6.674733402324989,51.32487098204058,6.674733402324989,51.32487098204058,0.000,HAS_TRAFO
35878,110,35879,220,6.787529932227503,51.50554942659926,6.787529932227503,51.50554942659926,0.000,HAS_TRAFO
35112,110,35113,220,10.194933512903972,47.97093690907156,10.194933512903972,47.97093690907156,0.000,HAS_TRAFO
37825,110,37826,220,7.729027530463336,49.48275269326087,7.729027530463336,49.48275269326087,0.000,HAS_TRAFO
34807,110,34808,220,6.221831906937472,51.69464227886543,6.221831906937472,51.69464227886543,0.000,HAS_TRAFO
38061,110,38062,220,8.50196295274932,49.44495899427859,8.50196295274932,49.44495899427859,0.000,HAS_TRAFO
35131,110,35132,220,9.196637399889136,48.91294964394958,9.196637399889136,48.91294964394958,0.000,HAS_TRAFO
37374,110,37375,380,6.321686547182551,50.837007553545405,6.321686547182551,50.837007553545405,0.000,HAS_TRAFO
37704,110,37705,380,10.991452474308536,50.57344666551176,10.991452474308536,50.57344666551176,0.000,HAS_TRAFO
38615,110,38616,380,8.308325619494957,49.25702311233652,8.308325619494957,49.25702311233652,0.000,HAS_TRAFO
39233,110,39234,380,11.726902044990078,52.56955253168287,11.726902044990078,52.56955253168287,0.000,HAS_TRAFO
35031,110,35032,380,11.106891298750485,49.97885035026762,11.106891298750485,49.97885035026762,0.000,HAS_TRAFO
38365,110,38366,380,7.815993836091339,49.92211102637183,7.815993836091339,49.92211102637183,0.000,HAS_TRAFO
34861,110,34862,380,10.159643549175584,53.55536447209872,10.159643549175584,53.55536447209872,0.000,HAS_TRAFO
36365,110,36366,380,14.604063704993656,52.1748338182855,14.604063704993656,52.1748338182855,0.000,HAS_TRAFO
34791,110,34792,380,9.215810063326304,48.85227302867778,9.215810063326304,48.85227302867778,0.000,HAS_TRAFO
34747,110,34748,380,13.493782769388146,52.58972495179812,13.493782769388146,52.58972495179812,0.000,HAS_TRAFO
35815,110,35816,380,8.616646665739447,48.06597637258642,8.616646665739447,48.06597637258642,0.000,HAS_TRAFO
37062,110,37063,380,6.61236591482223,51.03594909098502,6.61236591482223,51.03594909098502,0.000,HAS_TRAFO
35162,110,35163,380,9.704218918217537,48.46497566102824,9.704218918217537,48.46497566102824,0.000,HAS_TRAFO
35619,110,35620,380,12.213671692980029,54.09974495119379,12.213671692980029,54.09974495119379,0.000,HAS_TRAFO
35204,110,35205,380,7.136855967198002,50.642920980893024,7.136855967198002,50.642920980893024,0.000,HAS_TRAFO
36121,110,36122,380,8.624800567043817,51.42788841483709,8.624800567043817,51.42788841483709,0.000,HAS_TRAFO
38890,110,38891,380,10.150933820209092,49.98205429302684,10.150933820209092,49.98205429302684,0.000,HAS_TRAFO
39308,110,39309,380,7.708168651526973,51.67767780057307,7.708168651526973,51.67767780057307,0.000,HAS_TRAFO
36100,110,36101,380,7.993959170676255,51.82309545032872,7.993959170676255,51.82309545032872,0.000,HAS_TRAFO
39294,110,39295,380,9.51486055389124,51.259120705222,9.51486055389124,51.259120705222,0.000,HAS_TRAFO
36622,110,36623,380,10.863761675309991,48.54682313334514,10.863761675309991,48.54682313334514,0.000,HAS_TRAFO
38587,110,38588,380,8.30046883802846,52.384551125831,8.30046883802846,52.384551125831,0.000,HAS_TRAFO
38111,110,38112,380,8.531521376056999,50.04788704539931,8.531521376056999,50.04788704539931,0.000,HAS_TRAFO
39235,110,39236,380,14.219177398334534,51.12109372719197,14.219177398334534,51.12109372719197,0.000,HAS_TRAFO
35404,110,35405,380,9.745926133855464,50.91762571665761,9.745926133855464,50.91762571665761,0.000,HAS_TRAFO
39242,110,39243,380,13.842318804824457,50.98949485048541,13.842318804824457,50.98949485048541,0.000,HAS_TRAFO
39280,110,39281,380,10.378587794340874,53.22033533958991,10.378587794340874,53.22033533958991,0.000,HAS_TRAFO
35494,110,35495,380,14.472073973915805,51.55389799665053,14.472073973915805,51.55389799665053,0.000,HAS_TRAFO
36811,110,36812,380,7.83856449692764,47.58623990526666,7.83856449692764,47.58623990526666,0.000,HAS_TRAFO
35310,110,35311,380,10.378894247753468,53.21941896987637,10.378894247753468,53.21941896987637,0.000,HAS_TRAFO
34979,110,34980,380,9.501790032393494,53.5428146809263,9.501790032393494,53.5428146809263,0.000,HAS_TRAFO
39257,110,39258,380,12.7877695971325,50.62710313504474,12.7877695971325,50.62710313504474,0.000,HAS_TRAFO
36061,110,36062,380,8.465429838607749,48.04352365086102,8.465429838607749,48.04352365086102,0.000,HAS_TRAFO
37687,110,37688,380,9.774150580638905,50.528749381145,9.774150580638905,50.528749381145,0.000,HAS_TRAFO
36642,110,36643,380,12.851784078347348,48.763285409713,12.851784078347348,48.763285409713,0.000,HAS_TRAFO
36816,110,36817,380,10.391776094515746,48.51846091034118,10.391776094515746,48.51846091034118,0.000,HAS_TRAFO
38432,110,38433,380,8.656661696724552,50.60573631256948,8.656661696724552,50.60573631256948,0.000,HAS_TRAFO
35666,110,35667,380,6.53169664529986,50.39004697263438,6.53169664529986,50.39004697263438,0.000,HAS_TRAFO
36474,110,36475,380,11.852430967430411,53.08686087506882,11.852430967430411,53.08686087506882,0.000,HAS_TRAFO
35114,110,35115,380,7.545853774547605,51.97033431573372,7.545853774547605,51.97033431573372,0.000,HAS_TRAFO
37970,110,37971,380,13.38333376460052,51.35560749052296,13.38333376460052,51.35560749052296,0.000,HAS_TRAFO
37218,110,37219,380,7.008732248090391,51.174179130044365,7.008732248090391,51.174179130044365,0.000,HAS_TRAFO
36275,110,36276,380,9.377588757620794,48.81260496581382,9.377588757620794,48.81260496581382,0.000,HAS_TRAFO
35955,110,35956,380,8.319013268377837,52.06589206110445,8.319013268377837,52.06589206110445,0.000,HAS_TRAFO
39195,110,39196,380,9.4342070077791,54.52202374132938,9.4342070077791,54.52202374132938,0.000,HAS_TRAFO
39146,110,39147,380,9.988215035677026,51.954230057487926,9.988215035677026,51.954230057487926,0.000,HAS_TRAFO
36075,110,36076,380,8.98950736865504,50.060279806954064,8.98950736865504,50.060279806954064,0.000,HAS_TRAFO
35669,110,35670,380,11.51632471760778,51.58398536185253,11.51632471760778,51.58398536185253,0.000,HAS_TRAFO
34895,110,34896,380,11.44077946539582,48.17180539178557,11.44077946539582,48.17180539178557,0.000,HAS_TRAFO
36478,110,36479,380,6.996068915585992,51.514169608305,6.996068915585992,51.514169608305,0.000,HAS_TRAFO
36613,110,36614,380,10.802358019135408,53.89754740235389,10.802358019135408,53.89754740235389,0.000,HAS_TRAFO
34988,110,34989,380,8.28495248633715,50.75923398502236,8.28495248633715,50.75923398502236,0.000,HAS_TRAFO
34789,110,34790,380,6.95746462908852,51.02003685496052,6.95746462908852,51.02003685496052,0.000,HAS_TRAFO
39122,110,39123,380,7.194564904714304,52.86984106566871,7.194564904714304,52.86984106566871,0.000,HAS_TRAFO
39225,110,39226,380,14.428223938673955,51.88887761666467,14.428223938673955,51.88887761666467,0.000,HAS_TRAFO
39416,110,39417,380,11.1950851186441,50.16245798450917,11.1950851186441,50.16245798450917,0.000,HAS_TRAFO
34738,110,34739,380,9.908850396108344,53.48804857010377,9.908850396108344,53.48804857010377,0.000,HAS_TRAFO
38262,110,38263,380,7.3113634649269,53.1257663066567,7.3113634649269,53.1257663066567,0.000,HAS_TRAFO
36374,110,36375,380,10.936704050591372,48.40129106082084,10.936704050591372,48.40129106082084,0.000,HAS_TRAFO
39393,110,39394,380,14.000013746932948,51.64032200260337,14.000013746932948,51.64032200260337,0.000,HAS_TRAFO
34913,110,34914,380,8.571446947612303,52.10524367214454,8.571446947612303,52.10524367214454,0.000,HAS_TRAFO
39229,110,39230,380,12.10947649024139,53.24972122069687,12.10947649024139,53.24972122069687,0.000,HAS_TRAFO
36110,110,36111,380,9.228111325885944,51.81245400359607,9.228111325885944,51.81245400359607,0.000,HAS_TRAFO
35107,110,35108,380,6.300916694699711,50.82893923360612,6.300916694699711,50.82893923360612,0.000,HAS_TRAFO
35957,110,35958,380,13.537064366075167,52.53746122074575,13.537064366075167,52.53746122074575,0.000,HAS_TRAFO
35354,110,35355,380,13.157894179471862,51.82827155601007,13.157894179471862,51.82827155601007,0.000,HAS_TRAFO
35552,110,35553,380,10.231565384695111,48.5298362713609,10.231565384695111,48.5298362713609,0.000,HAS_TRAFO
35206,110,35207,380,8.785153771953242,48.5836217465713,8.785153771953242,48.5836217465713,0.000,HAS_TRAFO
35103,110,35104,380,9.77599214691142,53.69067042457491,9.77599214691142,53.69067042457491,0.000,HAS_TRAFO
38796,110,38797,380,7.69254193516542,50.0262158453021,7.69254193516542,50.0262158453021,0.000,HAS_TRAFO
34920,110,34921,380,10.761248371477684,52.36745365155272,10.761248371477684,52.36745365155272,0.000,HAS_TRAFO
35313,110,35314,380,10.381345307239464,52.99351221365282,10.381345307239464,52.99351221365282,0.000,HAS_TRAFO
35145,110,35146,380,6.216193010895056,50.91236183485132,6.216193010895056,50.91236183485132,0.000,HAS_TRAFO
35158,110,35159,380,8.364229613135501,51.92712241754143,8.364229613135501,51.92712241754143,0.000,HAS_TRAFO
38939,110,38940,380,8.294959271351193,49.52442754258792,8.294959271351193,49.52442754258792,0.000,HAS_TRAFO
35683,110,35684,380,8.403502360406838,52.609076012159576,8.403502360406838,52.609076012159576,0.000,HAS_TRAFO
39276,110,39277,380,8.868321583057686,54.79472598932074,8.868321583057686,54.79472598932074,0.000,HAS_TRAFO
36088,110,36089,380,7.9811782300310785,51.673547657751534,7.9811782300310785,51.673547657751534,0.000,HAS_TRAFO
38612,110,38613,380,9.08737450906242,54.00357519373463,9.08737450906242,54.00357519373463,0.000,HAS_TRAFO
35033,110,35034,380,10.836015793654536,49.92806742632903,10.836015793654536,49.92806742632903,0.000,HAS_TRAFO
39268,110,39269,380,10.76067151725644,52.3682181703225,10.76067151725644,52.3682181703225,0.000,HAS_TRAFO
35536,110,35537,380,13.45643313386508,52.52145796378059,13.45643313386508,52.52145796378059,0.000,HAS_TRAFO
39248,110,39249,380,10.418299361545682,53.41216549951411,10.418299361545682,53.41216549951411,0.000,HAS_TRAFO
39262,110,39263,380,12.261947564278712,51.74088636647456,12.261947564278712,51.74088636647456,0.000,HAS_TRAFO
39296,110,39297,380,10.386350947947534,51.00214825938572,10.386350947947534,51.00214825938572,0.000,HAS_TRAFO
36066,110,36067,380,6.813684274912364,49.72483416686433,6.813684274912364,49.72483416686433,0.000,HAS_TRAFO
38860,110,38861,380,12.337422954113396,51.19696836412668,12.337422954113396,51.19696836412668,0.000,HAS_TRAFO
34945,110,34946,380,9.39017530620737,52.02668689098181,9.39017530620737,52.02668689098181,0.000,HAS_TRAFO
39396,110,39397,380,9.316684944785765,54.727534408512106,9.316684944785765,54.727534408512106,0.000,HAS_TRAFO
36626,110,36627,380,10.702732807862391,47.8264605398201,10.702732807862391,47.8264605398201,0.000,HAS_TRAFO
35543,110,35544,380,10.40158692055041,48.50992975918763,10.40158692055041,48.50992975918763,0.000,HAS_TRAFO
37949,110,37950,380,9.513830681321174,51.2589793702805,9.513830681321174,51.2589793702805,0.000,HAS_TRAFO
35174,110,35175,380,10.999333070802129,52.20014201460458,10.999333070802129,52.20014201460458,0.000,HAS_TRAFO
39216,110,39217,380,13.49555751135716,52.58991278931928,13.49555751135716,52.58991278931928,0.000,HAS_TRAFO
38672,110,38673,380,9.10971052895473,53.97219445662381,9.10971052895473,53.97219445662381,0.000,HAS_TRAFO
35800,110,35801,380,7.315599095420151,51.445497115425226,7.315599095420151,51.445497115425226,0.000,HAS_TRAFO
34804,110,34805,380,7.1232390742321785,51.52561159741952,7.1232390742321785,51.52561159741952,0.000,HAS_TRAFO
36184,110,36185,380,8.695160795744286,53.092536124483786,8.695160795744286,53.092536124483786,0.000,HAS_TRAFO
37606,110,37607,380,8.918544559234197,48.66110745131274,8.918544559234197,48.66110745131274,0.000,HAS_TRAFO
36334,110,36335,380,8.065794350111554,50.40646889792416,8.065794350111554,50.40646889792416,0.000,HAS_TRAFO
34893,110,34894,380,9.917180765726243,52.27818419861028,9.917180765726243,52.27818419861028,0.000,HAS_TRAFO
35160,110,35161,380,9.56282350639599,48.70148986120847,9.56282350639599,48.70148986120847,0.000,HAS_TRAFO
36738,110,36739,380,6.997243905489623,51.250068215567445,6.997243905489623,51.250068215567445,0.000,HAS_TRAFO
35524,110,35525,380,9.2743138101123,48.54986298266464,9.2743138101123,48.54986298266464,0.000,HAS_TRAFO
38942,110,38943,380,9.051183241890593,54.162187425794144,9.051183241890593,54.162187425794144,0.000,HAS_TRAFO
34975,110,34976,380,8.565213707490974,53.032107804569016,8.565213707490974,53.032107804569016,0.000,HAS_TRAFO
37295,110,37296,380,13.25554512389551,50.93018648933236,13.25554512389551,50.93018648933236,0.000,HAS_TRAFO
37626,110,37627,380,9.446918747930242,49.59026295314597,9.446918747930242,49.59026295314597,0.000,HAS_TRAFO
39304,110,39305,380,7.034688605267841,52.2015737266484,7.034688605267841,52.2015737266484,0.000,HAS_TRAFO
38598,110,38599,380,8.562143633802602,49.13293039733935,8.562143633802602,49.13293039733935,0.000,HAS_TRAFO
36232,110,36233,380,13.315526973895215,52.52200485664736,13.315526973895215,52.52200485664736,0.000,HAS_TRAFO
38628,110,38629,380,8.894183914081816,52.56415396015578,8.894183914081816,52.56415396015578,0.000,HAS_TRAFO
35117,110,35118,380,9.151534803961765,49.14361821427335,9.151534803961765,49.14361821427335,0.000,HAS_TRAFO
35653,110,35654,380,7.353019672408014,51.57582114241907,7.353019672408014,51.57582114241907,0.000,HAS_TRAFO
39493,110,39494,380,9.114842769580806,52.545747301708126,9.114842769580806,52.545747301708126,0.000,HAS_TRAFO
39315,110,39316,380,8.895627171590714,52.56398997029615,8.895627171590714,52.56398997029615,0.000,HAS_TRAFO
38837,110,38838,380,14.13328496543203,52.44279242019697,14.13328496543203,52.44279242019697,0.000,HAS_TRAFO
39311,110,39312,380,9.98632436010763,53.740033045661065,9.98632436010763,53.740033045661065,0.000,HAS_TRAFO
35212,110,35213,380,6.596019852275319,50.95252746961235,6.596019852275319,50.95252746961235,0.000,HAS_TRAFO
35186,110,35187,380,6.457675308330967,50.8714464114063,6.457675308330967,50.8714464114063,0.000,HAS_TRAFO
39278,110,39279,380,13.174668468897462,53.62359937452192,13.174668468897462,53.62359937452192,0.000,HAS_TRAFO
35154,110,35155,380,6.948210986686621,51.44457590187463,6.948210986686621,51.44457590187463,0.000,HAS_TRAFO
37681,110,37682,380,11.470685901389547,50.93012903334065,11.470685901389547,50.93012903334065,0.000,HAS_TRAFO
36133,110,36134,380,7.718581309704604,51.53421023069502,7.718581309704604,51.53421023069502,0.000,HAS_TRAFO
35586,110,35587,380,9.944479692842846,49.57833787043628,9.944479692842846,49.57833787043628,0.000,HAS_TRAFO
35460,110,35461,380,11.894609645338452,51.40652781664028,11.894609645338452,51.40652781664028,0.000,HAS_TRAFO
37933,110,37934,380,9.259408693957011,51.060624165291934,9.259408693957011,51.060624165291934,0.000,HAS_TRAFO
38917,110,38918,380,9.077808536774338,54.51120055847426,9.077808536774338,54.51120055847426,0.000,HAS_TRAFO
35733,110,35734,380,7.123079428835018,51.17158511855271,7.123079428835018,51.17158511855271,0.000,HAS_TRAFO
35792,110,35793,380,13.522208516075532,52.5245748519238,13.522208516075532,52.5245748519238,0.000,HAS_TRAFO
35341,110,35342,380,10.972903959305087,49.55850742412347,10.972903959305087,49.55850742412347,0.000,HAS_TRAFO
38536,110,38537,380,11.69881987615059,53.57199721184057,11.69881987615059,53.57199721184057,0.000,HAS_TRAFO
34793,110,34794,380,7.417046808647565,51.457221831935954,7.417046808647565,51.457221831935954,0.000,HAS_TRAFO
39330,110,39331,380,9.253227136428483,53.11481546611161,9.253227136428483,53.11481546611161,0.000,HAS_TRAFO
38901,110,38902,380,13.263520371739556,52.99408435930024,13.263520371739556,52.99408435930024,0.000,HAS_TRAFO
39120,110,39121,380,7.278589348573849,52.31942225509948,7.278589348573849,52.31942225509948,0.000,HAS_TRAFO
34900,110,34901,380,8.809949180074577,50.20356237161775,8.809949180074577,50.20356237161775,0.000,HAS_TRAFO
35927,110,35928,380,10.222435812059048,48.73672199846883,10.222435812059048,48.73672199846883,0.000,HAS_TRAFO
34986,110,34987,380,8.480096551898026,50.59095399469478,8.480096551898026,50.59095399469478,0.000,HAS_TRAFO
35472,110,35473,380,11.37062303275234,53.60070409362848,11.37062303275234,53.60070409362848,0.000,HAS_TRAFO
35888,110,35889,380,9.371071128030648,48.71909754036557,9.371071128030648,48.71909754036557,0.000,HAS_TRAFO
34732,110,34733,380,11.639339068563295,48.17869599555631,11.639339068563295,48.17869599555631,0.000,HAS_TRAFO
35151,110,35152,380,9.40058183329796,48.666967387443776,9.40058183329796,48.666967387443776,0.000,HAS_TRAFO
35940,110,35941,380,8.471763441204743,50.09732020188087,8.471763441204743,50.09732020188087,0.000,HAS_TRAFO
36457,110,36458,380,14.946482010310024,51.06257706569988,14.946482010310024,51.06257706569988,0.000,HAS_TRAFO
36662,110,36663,380,7.54306143783747,51.453228088921314,7.54306143783747,51.453228088921314,0.000,HAS_TRAFO
34910,110,34911,380,13.469457177729073,52.52194787429576,13.469457177729073,52.52194787429576,0.000,HAS_TRAFO
36943,110,36944,380,7.233199543289642,51.23251323261813,7.233199543289642,51.23251323261813,0.000,HAS_TRAFO
36118,110,36119,380,8.872879113129237,48.31008720391446,8.872879113129237,48.31008720391446,0.000,HAS_TRAFO
38825,110,38826,380,13.058542254426904,51.79998219082061,13.058542254426904,51.79998219082061,0.000,HAS_TRAFO
38624,110,38625,380,8.51555062560662,53.2038908072107,8.51555062560662,53.2038908072107,0.000,HAS_TRAFO
39231,110,39232,380,13.143224660712638,53.90779757419615,13.143224660712638,53.90779757419615,0.000,HAS_TRAFO
39253,110,39254,380,11.64404738157065,51.908273555634885,11.64404738157065,51.908273555634885,0.000,HAS_TRAFO
35513,110,35514,380,10.840648243415506,48.237958983537,10.840648243415506,48.237958983537,0.000,HAS_TRAFO
36404,110,36405,380,9.089693390602578,49.96849688108829,9.089693390602578,49.96849688108829,0.000,HAS_TRAFO
36124,110,36125,380,8.211831858901517,51.17798961157128,8.211831858901517,51.17798961157128,0.000,HAS_TRAFO
35029,110,35030,380,11.193166069042071,50.16207719805994,11.193166069042071,50.16207719805994,0.000,HAS_TRAFO
39412,110,39413,380,11.647680674314016,50.53502412215024,11.647680674314016,50.53502412215024,0.000,HAS_TRAFO
39259,110,39260,380,12.04536935651404,50.78225511147877,12.04536935651404,50.78225511147877,0.000,HAS_TRAFO
34937,110,34938,380,10.235863189815383,52.29345957007336,10.235863189815383,52.29345957007336,0.000,HAS_TRAFO
38382,110,38383,380,10.40317855,48.5125164,10.40317855,48.5125164,0.000,HAS_TRAFO
35607,110,35608,380,9.068813798412616,53.56663513616599,9.068813798412616,53.56663513616599,0.000,HAS_TRAFO
37770,110,37771,380,7.746792537377239,52.28851152401303,7.746792537377239,52.28851152401303,0.000,HAS_TRAFO
36146,110,36147,380,9.850759391412176,51.64914224419812,9.850759391412176,51.64914224419812,0.000,HAS_TRAFO
34941,110,34942,380,6.906604094757407,51.56523580430411,6.906604094757407,51.56523580430411,0.000,HAS_TRAFO
39222,110,39223,380,13.90131317295639,51.87594786466801,13.90131317295639,51.87594786466801,0.000,HAS_TRAFO
39292,110,39293,380,9.38902645662256,52.0256892223463,9.38902645662256,52.0256892223463,0.000,HAS_TRAFO
34931,110,34932,380,6.167365723785744,50.80206450729572,6.167365723785744,50.80206450729572,0.000,HAS_TRAFO
37281,110,37282,380,10.187883452706172,49.98122647392116,10.187883452706172,49.98122647392116,0.000,HAS_TRAFO
39375,110,39376,380,6.459980992909126,50.21126387154217,6.459980992909126,50.21126387154217,0.000,HAS_TRAFO
36022,110,36023,380,8.992870608737077,51.34301146956346,8.992870608737077,51.34301146956346,0.000,HAS_TRAFO
38685,110,38686,380,9.19743947101909,54.85118880925938,9.19743947101909,54.85118880925938,0.000,HAS_TRAFO
35082,110,35083,380,6.868045010993372,51.37447481153728,6.868045010993372,51.37447481153728,0.000,HAS_TRAFO
35824,110,35825,380,12.789517545549934,50.6272242220944,12.789517545549934,50.6272242220944,0.000,HAS_TRAFO
35500,110,35501,380,13.368653475247408,52.50314751071984,13.368653475247408,52.50314751071984,0.000,HAS_TRAFO
35035,110,35036,380,10.664447302672334,49.98003850242095,10.664447302672334,49.98003850242095,0.000,HAS_TRAFO
35277,220,35278,380,6.7097559467998105,51.090932471999935,6.7097559467998105,51.090932471999935,0.000,HAS_TRAFO
35401,220,35402,380,7.179765081080847,51.5477933774321,7.179765081080847,51.5477933774321,0.000,HAS_TRAFO
39301,220,39302,380,9.852928400878314,51.64927355446412,9.852928400878314,51.64927355446412,0.000,HAS_TRAFO
36037,220,36038,380,9.885508871535515,48.30406967249351,9.885508871535515,48.30406967249351,0.000,HAS_TRAFO
36300,220,36301,380,6.800926567669436,51.122741406475456,6.800926567669436,51.122741406475456,0.000,HAS_TRAFO
37826,220,37827,380,7.729027530463336,49.48275269326087,7.729027530463336,49.48275269326087,0.000,HAS_TRAFO
34966,220,34967,380,6.6831070221920825,51.57564552606814,6.6831070221920825,51.57564552606814,0.000,HAS_TRAFO
35135,220,35136,380,9.190792677545476,48.91441508696246,9.190792677545476,48.91441508696246,0.000,HAS_TRAFO
38872,220,38873,380,13.685367373727424,54.1388085028678,13.685367373727424,54.1388085028678,0.000,HAS_TRAFO
35172,220,35173,380,11.639147591424257,52.26896991806888,11.639147591424257,52.26896991806888,0.000,HAS_TRAFO
39322,220,39323,380,7.888048605195514,52.2775993000819,7.888048605195514,52.2775993000819,0.000,HAS_TRAFO
36531,220,36532,380,7.308241793856218,52.47679095339883,7.308241793856218,52.47679095339883,0.000,HAS_TRAFO
36166,220,36167,380,9.04543545075604,48.90296099705386,9.04543545075604,48.90296099705386,0.000,HAS_TRAFO
39472,220,39473,380,8.052012197053083,53.33307136740971,8.052012197053083,53.33307136740971,0.000,HAS_TRAFO
35369,220,35370,380,12.082217467816522,49.2974951646606,12.082217467816522,49.2974951646606,0.000,HAS_TRAFO
34757,220,34758,380,6.93491992733071,51.03353846047781,6.93491992733071,51.03353846047781,0.000,HAS_TRAFO
35541,220,35542,380,10.083751340058903,48.26886749670415,10.083751340058903,48.26886749670415,0.000,HAS_TRAFO
38972,220,38973,380,10.213738841470423,47.93872175518876,10.213738841470423,47.93872175518876,0.000,HAS_TRAFO
36083,220,36084,380,7.012850436235672,50.61770844908924,7.012850436235672,50.61770844908924,0.000,HAS_TRAFO
35072,220,35073,380,13.103168324093213,48.66682263363442,13.103168324093213,48.66682263363442,0.000,HAS_TRAFO
37814,220,37815,380,6.47506298271469,49.92260878546448,6.47506298271469,49.92260878546448,0.000,HAS_TRAFO
34743,220,34744,380,11.37041362990128,48.29149077431964,11.37041362990128,48.29149077431964,0.000,HAS_TRAFO
36867,220,36868,380,7.240374772306966,49.35764976438088,7.240374772306966,49.35764976438088,0.000,HAS_TRAFO
39245,220,39246,380,12.81442145413348,50.85678022161893,12.81442145413348,50.85678022161893,0.000,HAS_TRAFO
37456,220,37457,380,11.646043667505122,50.534326600156895,11.646043667505122,50.534326600156895,0.000,HAS_TRAFO
39467,220,39468,380,8.053978897380992,53.33175068895626,8.053978897380992,53.33175068895626,0.000,HAS_TRAFO
35781,220,35782,380,9.725986368902143,54.28780684054939,9.725986368902143,54.28780684054939,0.000,HAS_TRAFO
35148,220,35149,380,11.868156805823576,48.20680255923926,11.868156805823576,48.20680255923926,0.000,HAS_TRAFO
37541,220,37542,380,11.58137197036542,48.76489385387552,11.58137197036542,48.76489385387552,0.000,HAS_TRAFO
35262,220,35263,380,9.125265746125436,52.53826407510014,9.125265746125436,52.53826407510014,0.000,HAS_TRAFO
34836,220,34837,380,8.77224242774012,49.97455267991119,8.77224242774012,49.97455267991119,0.000,HAS_TRAFO
37759,220,37760,380,8.41937316081906,49.63371907557302,8.41937316081906,49.63371907557302,0.000,HAS_TRAFO
34958,220,34959,380,6.680791090181257,51.64632662719794,6.680791090181257,51.64632662719794,0.000,HAS_TRAFO
38572,220,38573,380,7.753495510341047,48.09935573352422,7.753495510341047,48.09935573352422,0.000,HAS_TRAFO
35025,220,35026,380,8.518881857347319,53.20263529993821,8.518881857347319,53.20263529993821,0.000,HAS_TRAFO
36219,220,36220,380,8.673717359625044,49.29043940679095,8.673717359625044,49.29043940679095,0.000,HAS_TRAFO
36735,220,36736,380,9.344001814589827,53.8517774968211,9.344001814589827,53.8517774968211,0.000,HAS_TRAFO
35066,220,35067,380,6.926758989258765,51.49920569667793,6.926758989258765,51.49920569667793,0.000,HAS_TRAFO
36687,220,36688,380,10.082130359178707,48.26603782164344,10.082130359178707,48.26603782164344,0.000,HAS_TRAFO
36096,220,36097,380,7.709038739055081,51.67646671921386,7.709038739055081,51.67646671921386,0.000,HAS_TRAFO
34964,220,34965,380,6.715197472199203,51.52680805339451,6.715197472199203,51.52680805339451,0.000,HAS_TRAFO
34760,220,34761,380,6.965533742474561,51.06993601928015,6.965533742474561,51.06993601928015,0.000,HAS_TRAFO
38467,220,38468,380,8.623206227427923,49.35658185285714,8.623206227427923,49.35658185285714,0.000,HAS_TRAFO
39441,220,39442,380,10.760835327266625,53.90974536547805,10.760835327266625,53.90974536547805,0.000,HAS_TRAFO
37530,220,37531,380,13.710001853833573,52.53916797794064,13.710001853833573,52.53916797794064,0.000,HAS_TRAFO
35617,220,35618,380,12.187783572738413,53.81650473574705,12.187783572738413,53.81650473574705,0.000,HAS_TRAFO
35559,220,35560,380,9.64534106910629,47.74459749311034,9.64534106910629,47.74459749311034,0.000,HAS_TRAFO
35018,220,35019,380,10.843105595807904,49.37870895490451,10.843105595807904,49.37870895490451,0.000,HAS_TRAFO
34810,220,34811,380,6.804550264468851,50.96624767849495,6.804550264468851,50.96624767849495,0.000,HAS_TRAFO
35896,220,35897,380,8.104639054942613,52.26510433428031,8.104639054942613,52.26510433428031,0.000,HAS_TRAFO
38822,220,38823,380,7.449489147076842,50.4025303263638,7.449489147076842,50.4025303263638,0.000,HAS_TRAFO
35575,220,35576,380,8.2588276632644,47.63420888668645,8.2588276632644,47.63420888668645,0.000,HAS_TRAFO
38118,220,38119,380,14.268638974984714,53.09783446837545,14.268638974984714,53.09783446837545,0.000,HAS_TRAFO
35047,220,35048,380,11.50775232725622,48.761130610523466,11.50775232725622,48.761130610523466,0.000,HAS_TRAFO
37863,220,37864,380,8.547358593021409,49.44021694142026,8.547358593021409,49.44021694142026,0.000,HAS_TRAFO
35704,220,35705,380,11.727508020040288,52.5686417742489,11.727508020040288,52.5686417742489,0.000,HAS_TRAFO
37343,220,37344,380,7.1257288028618,51.44906599034108,7.1257288028618,51.44906599034108,0.000,HAS_TRAFO
35386,220,35387,380,7.0602217221226224,51.6963974773687,7.0602217221226224,51.6963974773687,0.000,HAS_TRAFO
37353,220,37354,380,7.890386064217829,52.27794041517114,7.890386064217829,52.27794041517114,0.000,HAS_TRAFO
36064,220,36065,380,10.11739845870108,48.89713778809889,10.11739845870108,48.89713778809889,0.000,HAS_TRAFO
35022,220,35023,380,10.160303312667772,49.9891567500025,10.160303312667772,49.9891567500025,0.000,HAS_TRAFO
34799,220,34800,380,7.023219288437691,51.62567220148013,7.023219288437691,51.62567220148013,0.000,HAS_TRAFO
38392,220,38393,380,6.842231210471615,50.859864737324976,6.842231210471615,50.859864737324976,0.000,HAS_TRAFO
35713,220,35714,380,8.307759802756838,52.34563594954145,8.307759802756838,52.34563594954145,0.000,HAS_TRAFO
37028,220,37029,380,11.810849310920409,50.18370902131012,11.810849310920409,50.18370902131012,0.000,HAS_TRAFO
34843,220,34844,380,6.617199413011058,51.4758372811111,6.617199413011058,51.4758372811111,0.000,HAS_TRAFO
39180,220,39181,380,9.489805273447082,53.632503575657154,9.489805273447082,53.632503575657154,0.000,HAS_TRAFO
39334,220,39335,380,8.659214623379532,51.999116957559146,8.659214623379532,51.999116957559146,0.000,HAS_TRAFO
36078,220,36079,380,8.958708591309906,50.08260779176915,8.958708591309906,50.08260779176915,0.000,HAS_TRAFO
36297,220,36298,380,6.801901926183781,51.12493154312898,6.801901926183781,51.12493154312898,0.000,HAS_TRAFO
35391,220,35392,380,12.11438092678556,49.63110584983995,12.11438092678556,49.63110584983995,0.000,HAS_TRAFO
39346,220,39347,380,7.011600422827155,52.17763913797469,7.011600422827155,52.17763913797469,0.000,HAS_TRAFO
36444,220,36445,380,10.362499738474469,47.73865994398617,10.362499738474469,47.73865994398617,0.000,HAS_TRAFO
38643,220,38644,380,9.387640755119856,51.64073490727583,9.387640755119856,51.64073490727583,0.000,HAS_TRAFO
38922,220,38923,380,7.243348925400632,53.356506750957294,7.243348925400632,53.356506750957294,0.000,HAS_TRAFO
34772,220,34773,380,7.192410168463042,50.79890016560991,7.192410168463042,50.79890016560991,0.000,HAS_TRAFO
37665,220,37666,380,8.588596425193431,49.81563371573577,8.588596425193431,49.81563371573577,0.000,HAS_TRAFO
37612,220,37613,380,9.091835332635767,49.29461883180298,9.091835332635767,49.29461883180298,0.000,HAS_TRAFO
39211,220,39212,380,13.304414531390682,52.231687845001886,13.304414531390682,52.231687845001886,0.000,HAS_TRAFO
36809,220,36810,380,7.843441408811978,47.585814095335095,7.843441408811978,47.585814095335095,0.000,HAS_TRAFO
36667,220,36668,380,6.773210913026517,49.29108364341995,6.773210913026517,49.29108364341995,0.000,HAS_TRAFO
38045,220,38046,380,7.593298308071136,50.3859466537668,7.593298308071136,50.3859466537668,0.000,HAS_TRAFO
37841,220,37842,380,7.863784835138322,50.76810526070061,7.863784835138322,50.76810526070061,0.000,HAS_TRAFO
34754,220,34755,380,9.984058791561043,53.74147911235288,9.984058791561043,53.74147911235288,0.000,HAS_TRAFO
35056,220,35057,380,6.702194784514054,51.00885986223712,6.702194784514054,51.00885986223712,0.000,HAS_TRAFO
36393,220,36394,380,6.9964592026997074,49.37540332206004,6.9964592026997074,49.37540332206004,0.000,HAS_TRAFO
34926,220,34927,380,8.659610012459455,52.00034857382484,8.659610012459455,52.00034857382484,0.000,HAS_TRAFO
35622,220,35623,380,8.474707083954415,53.42865120708045,8.474707083954415,53.42865120708045,0.000,HAS_TRAFO
36420,220,36421,380,8.519964331830813,50.04935070675726,8.519964331830813,50.04935070675726,0.000,HAS_TRAFO
35007,220,35008,380,8.389618629206485,49.98247934596147,8.389618629206485,49.98247934596147,0.000,HAS_TRAFO
35470,220,35471,380,13.956826534077685,53.252375027293134,13.956826534077685,53.252375027293134,0.000,HAS_TRAFO
35454,220,35455,380,7.725695780283424,52.27718649503925,7.725695780283424,52.27718649503925,0.000,HAS_TRAFO
37603,220,37604,380,9.694754670345748,49.232812253259965,9.694754670345748,49.232812253259965,0.000,HAS_TRAFO
34769,220,34770,380,6.972686737706853,50.79566543063813,6.972686737706853,50.79566543063813,0.000,HAS_TRAFO
38960,220,38961,380,8.06369660088208,53.55580201127511,8.06369660088208,53.55580201127511,0.000,HAS_TRAFO
35003,220,35004,380,7.505982918763768,51.4016067641739,7.505982918763768,51.4016067641739,0.000,HAS_TRAFO
39283,220,39284,380,13.305765586233877,52.23079683634844,13.305765586233877,52.23079683634844,0.000,HAS_TRAFO
37609,220,37610,380,11.123140782291909,50.9985213554333,11.123140782291909,50.9985213554333,0.000,HAS_TRAFO
35101,220,35102,380,9.425344076806477,48.06443972511009,9.425344076806477,48.06443972511009,0.000,HAS_TRAFO
39405,220,39406,380,7.172010930846214,51.55492198489481,7.172010930846214,51.55492198489481,0.000,HAS_TRAFO
35141,220,35142,380,8.702218487068027,51.736352600924384,8.702218487068027,51.736352600924384,0.000,HAS_TRAFO
34868,220,34869,380,8.435130722816417,50.05903583101519,8.435130722816417,50.05903583101519,0.000,HAS_TRAFO
39274,220,39275,380,10.368344262460427,52.28463337668946,10.368344262460427,52.28463337668946,0.000,HAS_TRAFO
35516,220,35517,380,9.201683603864106,53.89581463975587,9.201683603864106,53.89581463975587,0.000,HAS_TRAFO
34923,220,34924,380,10.365338662586144,52.28466156568128,10.365338662586144,52.28466156568128,0.000,HAS_TRAFO
34766,220,34767,380,6.842650702727906,50.86353852296158,6.842650702727906,50.86353852296158,0.000,HAS_TRAFO
39220,220,39221,380,13.524542279993131,52.53534581236613,13.524542279993131,52.53534581236613,0.000,HAS_TRAFO
35228,220,35229,380,12.942934968142938,52.56249764066207,12.942934968142938,52.56249764066207,0.000,HAS_TRAFO
36813,220,36814,380,7.958075914315599,47.5954779452467,7.958075914315599,47.5954779452467,0.000,HAS_TRAFO
39328,220,39329,380,9.250434911442971,53.11499931513949,9.250434911442971,53.11499931513949,0.000,HAS_TRAFO
36543,220,36544,380,7.167956726297298,51.38931989154419,7.167956726297298,51.38931989154419,0.000,HAS_TRAFO
39265,220,39266,380,12.519533915607822,51.15742764266873,12.519533915607822,51.15742764266873,0.000,HAS_TRAFO
37835,220,37836,380,8.313340225406103,49.0090434726611,8.313340225406103,49.0090434726611,0.000,HAS_TRAFO
39001,220,39002,380,7.175168950000001,51.48233625,7.175168950000001,51.48233625,0.000,HAS_TRAFO
